Workbook

Sheet 01jan
M2: =TODAY() -> 46034 | W2: 29
B6: 31 | C6: 32 | D6: Celula A
B7: =IF(H16=0,0,IF(H16>=1,W17)) -> 0 | D7: 7:30 a 12:00 | F7: 13:00 a 17:18 | H7: 45659 | L7: Justificativa por não ter conseguido produzir a demanda. Preencher esta coluna quando a coluna ao lado "Faltaram", não estiver com "0"
D8: Prod. | E8: Func. | F8: =D8 -> Prod. | G8: =E8 -> Func. | H8: Qtd. | I8: Méd Func. | J8: Méd. Prod.
B9: Produtividade Média | K9: Não | T9: Data | U9: =H8 -> Qtd. | V9: =I8 -> Méd Func. | W9: Produtividade Diária
B10: Seg | C10: 45656 | H10: =D10+F10 -> 0 | I10: =IF(H10=0,0,AVERAGE(E10,G10)) -> 0 | J10: =IF(H10=0,0,H10/I10) -> 0 | K10: =IF(#REF!<>0,"Não","") -> #REF! | T10: =C10 -> 45656 | U10: =H10 -> 0 | V10: =I10 -> 0 | W10: =J10 -> 0 | X10: =IF(W10=0," ",IF(W10>1,1,))
B11: Ter | C11: =C10+1 -> 45657 | H11: =D11+F11 -> 0 | I11: =IF(H11=0,0,AVERAGE(E11,G11)) -> 0 | J11: =IF(H11=0,0,H11/I11) -> 0 | K11: =IF(#REF!<>0,"Não","") -> #REF! | T11: =C11 -> 45657 | U11: =H11 -> 0 | V11: =I11 -> 0 | W11: =J11 -> 0 | X11: =IF(W11=0," ",IF(W11>1,1,))
B12: Qua | C12: =C11+1 -> 45658 | H12: =D12+F12 -> 0 | I12: =IF(H12=0,0,AVERAGE(E12,G12)) -> 0 | J12: =IF(H12=0,0,H12/I12) -> 0 | K12: =IF(#REF!<>0,"Não","") -> #REF! | T12: =C12 -> 45658 | U12: =H12 -> 0 | V12: =I12 -> 0 | W12: =J12 -> 0 | X12: =IF(W12=0," ",IF(W12>1,1,))
B13: Qui | C13: =C12+1 -> 45659 | H13: =D13+F13 -> 0 | I13: =IF(H13=0,0,AVERAGE(E13,G13)) -> 0 | J13: =IF(H13=0,0,H13/I13) -> 0 | K13: =IF(#REF!<>0,"Não","") -> #REF! | T13: =C13 -> 45659 | U13: =H13 -> 0 | V13: =I13 -> 0 | W13: =J13 -> 0 | X13: =IF(W13=0," ",IF(W13>1,1,))
B14: Sex | C14: =C13+1 -> 45660 | H14: =D14+F14 -> 0 | I14: =IF(H14=0,0,AVERAGE(E14,G14)) -> 0 | J14: =IF(H14=0,0,H14/I14) -> 0 | K14: =IF(#REF!<>0,"Não","") -> #REF! | T14: =C14 -> 45660 | U14: =H14 -> 0 | V14: =I14 -> 0 | W14: =J14 -> 0 | X14: =IF(W14=0," ",IF(W14>1,1,))
B15: SAb | C15: =C14+1 -> 45661 | H15: =D15+F15 -> 0 | I15: =IF(H15=0,0,AVERAGE(E15,G15)) -> 0 | J15: =IF(H15=0,0,H15/I15) -> 0
B16: Total Geral | D16: =SUM(D10:D15) -> 0 | E16: =IF(SUM(E10:E15)=0,0,AVERAGE(E10:E15)) -> 0 | F16: =SUM(F10:F15) -> 0 | G16: =IF(SUM(G10:G15)=0,0,AVERAGE(G10:G15)) -> 0 | H16: =D16+F16 -> 0 | I16: =IF(H16=0,0,AVERAGE(E16,G16)) -> 0 | J16: =IF(H16=0,0,H16/I16) -> 0 | U16: =D16+F16 -> 0 | V16: =SUM(V10:V14) -> 0 | W16: =SUM(W10:W14) -> 0 | X16: =COUNT(X10:X14) -> 0
W17: =W16/X16 -> #DIV/0! | X17: =IF(W16=0,0,W17) -> 0
B18: 9 | C18: 20 | D18: Consertos de Portas
B19: =IF(H28=0,0,IF(H28>=1,W29)) -> 0 | D19: 7:30 a 12:00 | F19: 13:00 a 17:18 | H19: =H7 -> 45659 | L19: =L7 -> Justificativa por não ter conseguido produzir a demanda. Preencher esta coluna quando a coluna ao lado "Faltaram", não estiver com "0"
D20: =D8 -> Prod. | E20: =E8 -> Func. | F20: =D20 -> Prod. | G20: =E20 -> Func. | H20: =H8 -> Qtd. | I20: =I8 -> Méd Func. | J20: =J8 -> Méd. Prod.
B21: =B9 -> Produtividade Média | K21: Não | T21: =T9 -> Data | U21: =U9 -> Qtd. | V21: =V9 -> Méd Func. | W21: =W9 -> Produtividade Diária
B22: =B10 -> Seg | C22: =C10 -> 45656 | H22: =D22+F22 -> 0 | I22: =IF(H22=0,0,AVERAGE(E22,G22)) -> 0 | J22: =IF(H22=0,0,H22/I22) -> 0 | K22: =IF(#REF!<>0,"Não","") -> #REF! | T22: =C22 -> 45656 | U22: =H22 -> 0 | V22: =I22 -> 0 | W22: =J22 -> 0 | X22: =IF(W22=0," ",IF(W22>1,1,))
B23: =B11 -> Ter | C23: =C11 -> 45657 | H23: =D23+F23 -> 0 | I23: =IF(H23=0,0,AVERAGE(E23,G23)) -> 0 | J23: =IF(H23=0,0,H23/I23) -> 0 | K23: =IF(#REF!<>0,"Não","") -> #REF! | T23: =C23 -> 45657 | U23: =H23 -> 0 | V23: =I23 -> 0 | W23: =J23 -> 0 | X23: =IF(W23=0," ",IF(W23>1,1,))
B24: =B12 -> Qua | C24: =C12 -> 45658 | H24: =D24+F24 -> 0 | I24: =IF(H24=0,0,AVERAGE(E24,G24)) -> 0 | J24: =IF(H24=0,0,H24/I24) -> 0 | K24: =IF(#REF!<>0,"Não","") -> #REF! | T24: =C24 -> 45658 | U24: =H24 -> 0 | V24: =I24 -> 0 | W24: =J24 -> 0 | X24: =IF(W24=0," ",IF(W24>1,1,))
B25: =B13 -> Qui | C25: =C13 -> 45659 | H25: =D25+F25 -> 0 | I25: =IF(H25=0,0,AVERAGE(E25,G25)) -> 0 | J25: =IF(H25=0,0,H25/I25) -> 0 | K25: =IF(#REF!<>0,"Não","") -> #REF! | T25: =C25 -> 45659 | U25: =H25 -> 0 | V25: =I25 -> 0 | W25: =J25 -> 0 | X25: =IF(W25=0," ",IF(W25>1,1,))
B26: =B14 -> Sex | C26: =C14 -> 45660 | H26: =D26+F26 -> 0 | I26: =IF(H26=0,0,AVERAGE(E26,G26)) -> 0 | J26: =IF(H26=0,0,H26/I26) -> 0 | K26: =IF(#REF!<>0,"Não","") -> #REF! | T26: =C26 -> 45660 | U26: =H26 -> 0 | V26: =I26 -> 0 | W26: =J26 -> 0 | X26: =IF(W26=0," ",IF(W26>1,1,))
B27: =B15 -> SAb | C27: =C15 -> 45661 | H27: =D27+F27 -> 0 | I27: =IF(H27=0,0,AVERAGE(E27,G27)) -> 0 | J27: =IF(H27=0,0,H27/I27) -> 0
B28: =B16 -> Total Geral | D28: =SUM(D22:D27) -> 0 | E28: =IF(SUM(E22:E27)=0,0,AVERAGE(E22:E27)) -> 0 | F28: =SUM(F22:F27) -> 0 | G28: =IF(SUM(G22:G27)=0,0,AVERAGE(G22:G27)) -> 0 | H28: =D28+F28 -> 0 | I28: =AVERAGE(I22:I26) -> 0 | J28: =IF(H28=0,0,H28/I28) -> 0 | U28: =D28+F28 -> 0 | V28: =SUM(V22:V26) -> 0 | W28: =SUM(W22:W26) -> 0 | X28: =COUNT(X22:X26) -> 0
W29: =W28/X28 -> #DIV/0! | X29: =IF(W28=0,0,W29) -> 0
B30: 40 | C30: 45 | D30: Folhas Frisadas
B31: =IF(H40=0,0,IF(H40>=1,W41)) -> 0 | D31: 7:30 a 12:00 | F31: 13:00 a 17:18 | H31: =H19 -> 45659 | L31: =L19 -> Justificativa por não ter conseguido produzir a demanda. Preencher esta coluna quando a coluna ao lado "Faltaram", não estiver com "0"
D32: =D20 -> Prod. | E32: =E20 -> Func. | F32: =D32 -> Prod. | G32: =E32 -> Func. | H32: =H20 -> Qtd. | I32: =I20 -> Méd Func. | J32: =J20 -> Méd. Prod.
B33: Produtividade Média | K33: Não | T33: =T21 -> Data | U33: =U21 -> Qtd. | V33: =V21 -> Méd Func. | W33: =W21 -> Produtividade Diária
B34: =B22 -> Seg | C34: =C10 -> 45656 | H34: =D34+F34 -> 0 | I34: =IF(H34=0,0,AVERAGE(E34,G34)) -> 0 | J34: =IF(H34=0,0,H34/I34) -> 0 | K34: =IF(#REF!<>0,"Não","") -> #REF! | T34: =C34 -> 45656 | U34: =H34 -> 0 | V34: =I34 -> 0 | W34: =J34 -> 0 | X34: =IF(W34=0," ",IF(W34>1,1,))
B35: =B23 -> Ter | C35: =C11 -> 45657 | H35: =D35+F35 -> 0 | I35: =IF(H35=0,0,AVERAGE(E35,G35)) -> 0 | J35: =IF(H35=0,0,H35/I35) -> 0 | K35: =IF(#REF!<>0,"Não","") -> #REF! | T35: =C35 -> 45657 | U35: =H35 -> 0 | V35: =I35 -> 0 | W35: =J35 -> 0 | X35: =IF(W35=0," ",IF(W35>1,1,))
B36: =B24 -> Qua | C36: =C12 -> 45658 | H36: =D36+F36 -> 0 | I36: =IF(H36=0,0,AVERAGE(E36,G36)) -> 0 | J36: =IF(H36=0,0,H36/I36) -> 0 | K36: =IF(#REF!<>0,"Não","") -> #REF! | T36: =C36 -> 45658 | U36: =H36 -> 0 | V36: =I36 -> 0 | W36: =J36 -> 0 | X36: =IF(W36=0," ",IF(W36>1,1,))
B37: =B25 -> Qui | C37: =C13 -> 45659 | H37: =D37+F37 -> 0 | I37: =IF(H37=0,0,AVERAGE(E37,G37)) -> 0 | J37: =IF(H37=0,0,H37/I37) -> 0 | K37: =IF(#REF!<>0,"Não","") -> #REF! | T37: =C37 -> 45659 | U37: =H37 -> 0 | V37: =I37 -> 0 | W37: =J37 -> 0 | X37: =IF(W37=0," ",IF(W37>1,1,))
B38: =B26 -> Sex | C38: =C14 -> 45660 | H38: =D38+F38 -> 0 | I38: =IF(H38=0,0,AVERAGE(E38,G38)) -> 0 | J38: =IF(H38=0,0,H38/I38) -> 0 | K38: =IF(#REF!<>0,"Não","") -> #REF! | T38: =C38 -> 45660 | U38: =H38 -> 0 | V38: =I38 -> 0 | W38: =J38 -> 0 | X38: =IF(W38=0," ",IF(W38>1,1,))
B39: =B27 -> SAb | C39: =C15 -> 45661 | H39: =D39+F39 -> 0 | I39: =IF(H39=0,0,AVERAGE(E39,G39)) -> 0 | J39: =IF(H39=0,0,H39/I39) -> 0
B40: =B28 -> Total Geral | D40: =SUM(D34:D39) -> 0 | E40: =IF(SUM(E34:E39)=0,0,AVERAGE(E34:E39)) -> 0 | F40: =SUM(F34:F39) -> 0 | G40: =IF(SUM(G34:G39)=0,0,AVERAGE(G34:G39)) -> 0 | H40: =D40+F40 -> 0 | I40: =AVERAGE(I34:I38) -> 0 | J40: 0 | U40: =D40+F40 -> 0 | V40: =SUM(V34:V38) -> 0 | W40: =SUM(W34:W38) -> 0 | X40: =COUNT(X34:X38) -> 0
W41: =W40/X40 -> #DIV/0! | X41: =IF(W40=0,0,W41) -> 0
B42: 10 | C42: 20 | D42: Embalagens
B43: =IF(H52=0,0,IF(H52>1,W53)) -> 0 | D43: 7:30 a 12:00 | F43: 13:00 a 17:18 | H43: 45659 | L43: =L31 -> Justificativa por não ter conseguido produzir a demanda. Preencher esta coluna quando a coluna ao lado "Faltaram", não estiver com "0"
D44: =D32 -> Prod. | E44: =E32 -> Func. | F44: =F32 -> Prod. | G44: =G32 -> Func. | H44: =H32 -> Qtd. | I44: =I32 -> Méd Func. | J44: =J32 -> Méd. Prod.
B45: Produtividade Média | K45: Não | T45: =T33 -> Data | U45: =U33 -> Qtd. | V45: =V33 -> Méd Func. | W45: =W33 -> Produtividade Diária
B46: =B34 -> Seg | C46: =C10 -> 45656 | H46: =D46+F46 -> 0 | I46: =IF(H46=0,0,AVERAGE(E46,G46)) -> 0 | J46: =IF(H46=0,0,H46/I46) -> 0 | K46: =IF(#REF!<>0,"Não","") -> #REF! | T46: =C46 -> 45656 | U46: =H46 -> 0 | V46: =I46 -> 0 | W46: =J46 -> 0 | X46: =IF(W46=0," ",IF(W46>1,1,))
B47: =B35 -> Ter | C47: =C11 -> 45657 | H47: =D47+F47 -> 0 | I47: =IF(H47=0,0,AVERAGE(E47,G47)) -> 0 | J47: =IF(H47=0,0,H47/I47) -> 0 | K47: =IF(#REF!<>0,"Não","") -> #REF! | T47: =C47 -> 45657 | U47: =H47 -> 0 | V47: =I47 -> 0 | W47: =J47 -> 0 | X47: =IF(W47=0," ",IF(W47>1,1,))
B48: =B36 -> Qua | C48: =C12 -> 45658 | H48: =D48+F48 -> 0 | I48: =IF(H48=0,0,AVERAGE(E48,G48)) -> 0 | J48: =IF(H48=0,0,H48/I48) -> 0 | K48: =IF(#REF!<>0,"Não","") -> #REF! | T48: =C48 -> 45658 | U48: =H48 -> 0 | V48: =I48 -> 0 | W48: =J48 -> 0 | X48: =IF(W48=0," ",IF(W48>1,1,))
B49: =B37 -> Qui | C49: =C13 -> 45659 | H49: =D49+F49 -> 0 | I49: =IF(H49=0,0,AVERAGE(E49,G49)) -> 0 | J49: =IF(H49=0,0,H49/I49) -> 0 | K49: =IF(#REF!<>0,"Não","") -> #REF! | T49: =C49 -> 45659 | U49: =H49 -> 0 | V49: =I49 -> 0 | W49: =J49 -> 0 | X49: =IF(W49=0," ",IF(W49>1,1,))
B50: =B38 -> Sex | C50: =C14 -> 45660 | H50: =D50+F50 -> 0 | I50: =IF(H50=0,0,AVERAGE(E50,G50)) -> 0 | J50: =IF(H50=0,0,H50/I50) -> 0 | K50: =IF(#REF!<>0,"Não","") -> #REF! | T50: =C50 -> 45660 | U50: =H50 -> 0 | V50: =I50 -> 0 | W50: =J50 -> 0 | X50: =IF(W50=0," ",IF(W50>1,1,))
B51: =B39 -> SAb | C51: =C15 -> 45661 | H51: =D51+F51 -> 0 | I51: =IF(H51=0,0,AVERAGE(E51,G51)) -> 0 | J51: =IF(H51=0,0,H51/I51) -> 0
B52: =B40 -> Total Geral | D52: =SUM(D46:D51) -> 0 | E52: =IF(SUM(E46:E51)=0,0,AVERAGE(E46:E51)) -> 0 | F52: =SUM(F46:F51) -> 0 | G52: =IF(SUM(G46:G51)=0,0,AVERAGE(G46:G51)) -> 0 | H52: =D52+F52 -> 0 | I52: =AVERAGE(E52,G52) -> 0 | J52: =IF(I52=0,0,H52/I52) -> 0 | U52: =D52+F52 -> 0 | V52: =SUM(V46:V50) -> 0 | W52: =SUM(W46:W50) -> 0 | X52: =COUNT(X46:X50) -> 0
W53: =W52/X52 -> #DIV/0! | X53: =IF(W52=0,0,W53) -> 0
W54: =#REF!/#REF! -> #REF! | X54: =IF(#REF!=0,0,W54) -> #REF!
B55: 9 | C55: 10 | D55: Portas Pintadas
B56: =IF(H65=0,0,IF(H65>=1,W66)) -> 0 | D56: 7:30 a 12:00 | F56: 13:00 a 17:18 | H56: 45293 | L56: =L43 -> Justificativa por não ter conseguido produzir a demanda. Preencher esta coluna quando a coluna ao lado "Faltaram", não estiver com "0"
D57: =D44 -> Prod. | E57: =E44 -> Func. | F57: =F44 -> Prod. | G57: =G44 -> Func. | H57: =H44 -> Qtd. | I57: =I44 -> Méd Func. | J57: =J44 -> Méd. Prod.
B58: Produtividade Média | K58: Não | T58: =T45 -> Data | U58: =U45 -> Qtd. | V58: =V45 -> Méd Func. | W58: =W45 -> Produtividade Diária
B59: =B46 -> Seg | C59: =C46 -> 45656 | H59: =D59+F59 -> 0 | I59: =IF(H59=0,0,AVERAGE(E59,G59)) -> 0 | J59: =IF(H59=0,0,H59/I59) -> 0 | K59: =IF(#REF!<>0,"Não","") -> #REF! | T59: =C59 -> 45656 | U59: =H59 -> 0 | V59: =I59 -> 0 | W59: =J59 -> 0 | X59: =IF(W59=0," ",IF(W59>1,1,)) | AE59: 175.02 | AG59: =AE59*8 -> 1400.16
B60: =B47 -> Ter | C60: =C47 -> 45657 | H60: =D60+F60 -> 0 | I60: =IF(H60=0,0,AVERAGE(E60,G60)) -> 0 | J60: =IF(H60=0,0,H60/I60) -> 0 | K60: =IF(#REF!<>0,"Não","") -> #REF! | T60: =C60 -> 45657 | U60: =H60 -> 0 | V60: =I60 -> 0 | W60: =J60 -> 0 | X60: =IF(W60=0," ",IF(W60>1,1,)) | AE60: =AE59*6 -> 1050.12
B61: =B48 -> Qua | C61: =C48 -> 45658 | H61: =D61+F61 -> 0 | I61: =IF(H61=0,0,AVERAGE(E61,G61)) -> 0 | J61: =IF(H61=0,0,H61/I61) -> 0 | K61: =IF(#REF!<>0,"Não","") -> #REF! | T61: =C61 -> 45658 | U61: =H61 -> 0 | V61: =I61 -> 0 | W61: =J61 -> 0 | X61: =IF(W61=0," ",IF(W61>1,1,)) | AE61: 7815.11
B62: =B49 -> Qui | C62: =C49 -> 45659 | H62: =D62+F62 -> 0 | I62: =IF(H62=0,0,AVERAGE(E62,G62)) -> 0 | J62: =IF(H62=0,0,H62/I62) -> 0 | K62: =IF(#REF!<>0,"Não","") -> #REF! | T62: =C62 -> 45659 | U62: =H62 -> 0 | V62: =I62 -> 0 | W62: =J62 -> 0 | X62: =IF(W62=0," ",IF(W62>1,1,))
B63: =B50 -> Sex | C63: =C50 -> 45660 | H63: =D63+F63 -> 0 | I63: =IF(H63=0,0,AVERAGE(E63,G63)) -> 0 | J63: =IF(H63=0,0,H63/I63) -> 0 | K63: =IF(#REF!<>0,"Não","") -> #REF! | T63: =C63 -> 45660 | U63: =H63 -> 0 | V63: =I63 -> 0 | W63: =J63 -> 0 | X63: =IF(W63=0," ",IF(W63>1,1,)) | AE63: =AE60+AE61 -> 8865.23
B64: =B51 -> SAb | C64: =C51 -> 45661 | H64: =D64+F64 -> 0 | I64: =IF(H64=0,0,AVERAGE(E64,G64)) -> 0 | J64: =IF(H64=0,0,H64/I64) -> 0
B65: =B52 -> Total Geral | D65: =SUM(D59:D64) -> 0 | E65: =IF(SUM(E59:E64)=0,0,AVERAGE(E59:E64)) -> 0 | F65: =SUM(F59:F64) -> 0 | G65: =IF(SUM(G59:G64)=0,0,AVERAGE(G59:G64)) -> 0 | H65: =D65+F65 -> 0 | I65: =AVERAGE(E65,G65) -> 0 | J65: =IF(I65=0,0,H65/I65) -> 0 | U65: =D65+F65 -> 0 | V65: =SUM(V59:V63) -> 0 | W65: =SUM(W59:W63) -> 0 | X65: =COUNT(X59:X63) -> 0
W66: =W65/X65 -> #DIV/0! | X66: =IF(W65=0,0,W66) -> 0
B67: 7 | C67: 10 | D67: Celula M
B68: =IF(H77=0,0,IF(H77>=1,W78)) -> 0 | D68: 7:30 a 12:00 | F68: 13:00 a 17:18 | H68: 45293 | L68: =L56 -> Justificativa por não ter conseguido produzir a demanda. Preencher esta coluna quando a coluna ao lado "Faltaram", não estiver com "0"
D69: =D57 -> Prod. | E69: =E57 -> Func. | F69: =D69 -> Prod. | G69: =E69 -> Func. | H69: =H57 -> Qtd. | I69: =I57 -> Méd Func. | J69: =J57 -> Méd. Prod.
B70: Produtividade Média | T70: =T58 -> Data | U70: =U58 -> Qtd. | V70: =V58 -> Méd Func. | W70: =W58 -> Produtividade Diária
B71: =B59 -> Seg | C71: =C59 -> 45656 | H71: =D71+F71 -> 0 | I71: =IF(H71=0,0,AVERAGE(E71,G71)) -> 0 | J71: =IF(H71=0,0,H71/I71) -> 0 | T71: =C71 -> 45656 | U71: =H71 -> 0 | V71: =I71 -> 0 | W71: =J71 -> 0 | X71: =IF(W71=0," ",IF(W71>1,1,))
B72: =B60 -> Ter | C72: =C60 -> 45657 | H72: =D72+F72 -> 0 | I72: =IF(H72=0,0,AVERAGE(E72,G72)) -> 0 | J72: =IF(H72=0,0,H72/I72) -> 0 | T72: =C72 -> 45657 | U72: =H72 -> 0 | V72: =I72 -> 0 | W72: =J72 -> 0 | X72: =IF(W72=0," ",IF(W72>1,1,))
B73: =B61 -> Qua | C73: =C61 -> 45658 | H73: =D73+F73 -> 0 | I73: =IF(H73=0,0,AVERAGE(E73,G73)) -> 0 | J73: =IF(H73=0,0,H73/I73) -> 0 | T73: =C73 -> 45658 | U73: =H73 -> 0 | V73: =I73 -> 0 | W73: =J73 -> 0 | X73: =IF(W73=0," ",IF(W73>1,1,))
B74: =B62 -> Qui | C74: =C62 -> 45659 | H74: =D74+F74 -> 0 | I74: =IF(H74=0,0,AVERAGE(E74,G74)) -> 0 | J74: =IF(H74=0,0,H74/I74) -> 0 | T74: =C74 -> 45659 | U74: =H74 -> 0 | V74: =I74 -> 0 | W74: =J74 -> 0 | X74: =IF(W74=0," ",IF(W74>1,1,))
B75: =B63 -> Sex | C75: =C63 -> 45660 | H75: =D75+F75 -> 0 | I75: =IF(H75=0,0,AVERAGE(E75,G75)) -> 0 | J75: =IF(H75=0,0,H75/I75) -> 0 | T75: =C75 -> 45660 | U75: =H75 -> 0 | V75: =I75 -> 0 | W75: =J75 -> 0 | X75: =IF(W75=0," ",IF(W75>1,1,))
B76: =B64 -> SAb | C76: =C64 -> 45661 | H76: =D76+F76 -> 0 | I76: =IF(H76=0,0,AVERAGE(E76,G76)) -> 0 | J76: =IF(H76=0,0,H76/I76) -> 0
B77: =B65 -> Total Geral | D77: =SUM(D71:D76) -> 0 | E77: =IF(SUM(E71:E76)=0,0,AVERAGE(E71:E76)) -> 0 | F77: =SUM(F71:F76) -> 0 | G77: =IF(SUM(G71:G76)=0,0,AVERAGE(G71:G76)) -> 0 | H77: =D77+F77 -> 0 | I77: =AVERAGE(E77,G77) -> 0 | J77: =IF(I77=0,0,H77/I77) -> 0 | U77: =D77+F77 -> 0 | V77: =SUM(V71:V75) -> 0 | W77: =SUM(W71:W75) -> 0 | X77: =COUNT(X71:X75) -> 0
W78: =W77/X77 -> #DIV/0! | X78: =IF(W77=0,0,W78) -> 0
B80: Servicos Diversos | AI80: MARÇO
B81: =B71 -> Seg | C81: =C22 -> 45656 | AI81: ABRIL
B82: =B72 -> Ter | C82: =C23 -> 45657 | AI82: MAIO
B83: =B73 -> Qua | C83: =C24 -> 45658 | AI83: JUNHO
B84: =B74 -> Qui | C84: =C25 -> 45659 | AI84: JULHO
B85: =B75 -> Sex | C85: =C26 -> 45660 | AI85: AGOSTO
B86: =B76 -> SAb | C86: =C27 -> 45661 | AI86: SETEMBRO
AI87: OUTUBRO
AI88: NOVEMBRO
AI89: DEZEMBRO

Sheet 06jan
M2: =TODAY() -> 46034 | W2: 29
B6: ='01jan'!B6 -> 31 | C6: ='01jan'!C6 -> 32 | D6: Celula A
B7: =IF(H16=0,0,IF(H16>=1,W17)) -> 21.45 | D7: 7:30 a 12:00 | F7: 13:00 a 17:18 | H7: 45659 | L7: Justificativa por não ter conseguido produzir a demanda. Preencher esta coluna quando a coluna ao lado "Faltaram", não estiver com "0"
D8: Prod. | E8: Func. | F8: =D8 -> Prod. | G8: =E8 -> Func. | H8: Qtd. | I8: Méd Func. | J8: Méd. Prod.
B9: Produtividade Média | K9: Não | T9: Data | U9: =H8 -> Qtd. | V9: =I8 -> Méd Func. | W9: Produtividade Diária
B10: Seg | C10: ='01jan'!C15+2 -> 45663 | H10: =D10+F10 -> 0 | I10: =IF(H10=0,0,AVERAGE(E10,G10)) -> 0 | J10: =IF(H10=0,0,H10/I10) -> 0 | K10: =IF(#REF!<>0,"Não","") -> #REF! | L10: BALANÇO | T10: =C10 -> 45663 | U10: =H10 -> 0 | V10: =I10 -> 0 | W10: =J10 -> 0 | X10: =IF(W10=0," ",IF(W10>1,1,))
B11: Ter | C11: =C10+1 -> 45664 | D11: 130 | E11: 9 | F11: 122 | G11: 8.5 | H11: =D11+F11 -> 252 | I11: =IF(H11=0,0,AVERAGE(E11,G11)) -> 8.75 | J11: =IF(H11=0,0,H11/I11) -> 28.8 | K11: =IF(#REF!<>0,"Não","") -> #REF! | T11: =C11 -> 45664 | U11: =H11 -> 252 | V11: =I11 -> 8.75 | W11: =J11 -> 28.8 | X11: =IF(W11=0," ",IF(W11>1,1,)) -> 1
B12: Qua | C12: =C11+1 -> 45665 | D12: 85 | E12: 7 | F12: 76 | G12: 7 | H12: =D12+F12 -> 161 | I12: =IF(H12=0,0,AVERAGE(E12,G12)) -> 7 | J12: =IF(H12=0,0,H12/I12) -> 23 | K12: =IF(#REF!<>0,"Não","") -> #REF! | T12: =C12 -> 45665 | U12: =H12 -> 161 | V12: =I12 -> 7 | W12: =J12 -> 23 | X12: =IF(W12=0," ",IF(W12>1,1,)) -> 1
B13: Qui | C13: =C12+1 -> 45666 | D13: 39 | E13: 7 | F13: 61 | G13: 6 | H13: =D13+F13 -> 100 | I13: =IF(H13=0,0,AVERAGE(E13,G13)) -> 6.5 | J13: =IF(H13=0,0,H13/I13) -> 15.384615 | K13: =IF(#REF!<>0,"Não","") -> #REF! | T13: =C13 -> 45666 | U13: =H13 -> 100 | V13: =I13 -> 6.5 | W13: =J13 -> 15.384615 | X13: =IF(W13=0," ",IF(W13>1,1,)) -> 1
B14: Sex | C14: =C13+1 -> 45667 | D14: 69 | E14: 7 | F14: 52 | G14: 6 | H14: =D14+F14 -> 121 | I14: =IF(H14=0,0,AVERAGE(E14,G14)) -> 6.5 | J14: =IF(H14=0,0,H14/I14) -> 18.615385 | K14: =IF(#REF!<>0,"Não","") -> #REF! | T14: =C14 -> 45667 | U14: =H14 -> 121 | V14: =I14 -> 6.5 | W14: =J14 -> 18.615385 | X14: =IF(W14=0," ",IF(W14>1,1,)) -> 1
B15: SAb | C15: =C14+1 -> 45668 | H15: =D15+F15 -> 0 | I15: =IF(H15=0,0,AVERAGE(E15,G15)) -> 0 | J15: =IF(H15=0,0,H15/I15) -> 0
B16: Total Geral | D16: =SUM(D10:D15) -> 323 | E16: =IF(SUM(E10:E15)=0,0,AVERAGE(E10:E15)) -> 7.5 | F16: =SUM(F10:F15) -> 311 | G16: =IF(SUM(G10:G15)=0,0,AVERAGE(G10:G15)) -> 6.875 | H16: =D16+F16 -> 634 | I16: =IF(H16=0,0,AVERAGE(E16,G16)) -> 7.1875 | J16: =IF(H16=0,0,H16/I16) -> 88.208696 | U16: =D16+F16 -> 634 | V16: =SUM(V10:V14) -> 28.75 | W16: =SUM(W10:W14) -> 85.8 | X16: =COUNT(X10:X14) -> 4
W17: =W16/X16 -> 21.45 | X17: =IF(W16=0,0,W17) -> 21.45
B18: ='01jan'!B18 -> 9 | C18: ='01jan'!C18 -> 20 | D18: Consertos de Portas
B19: =IF(H28=0,0,IF(H28>=1,W29)) -> 7.6 | D19: 7:30 a 12:00 | F19: 13:00 a 17:18 | H19: =H7 -> 45659 | L19: =L7 -> Justificativa por não ter conseguido produzir a demanda. Preencher esta coluna quando a coluna ao lado "Faltaram", não estiver com "0"
D20: =D8 -> Prod. | E20: =E8 -> Func. | F20: =D20 -> Prod. | G20: =E20 -> Func. | H20: =H8 -> Qtd. | I20: =I8 -> Méd Func. | J20: =J8 -> Méd. Prod.
B21: =B9 -> Produtividade Média | K21: Não | T21: =T9 -> Data | U21: =U9 -> Qtd. | V21: =V9 -> Méd Func. | W21: =W9 -> Produtividade Diária
B22: =B10 -> Seg | C22: =C10 -> 45663 | D22: 3 | E22: 0.25 | F22: 4 | G22: 0.75 | H22: =D22+F22 -> 7 | I22: =IF(H22=0,0,AVERAGE(E22,G22)) -> 0.5 | J22: =IF(H22=0,0,H22/I22) -> 14 | K22: =IF(#REF!<>0,"Não","") -> #REF! | T22: =C22 -> 45663 | U22: =H22 -> 7 | V22: =I22 -> 0.5 | W22: =J22 -> 14 | X22: =IF(W22=0," ",IF(W22>1,1,)) -> 1
B23: =B11 -> Ter | C23: =C11 -> 45664 | D23: 5 | E23: 1 | F23: 5 | G23: 1 | H23: =D23+F23 -> 10 | I23: =IF(H23=0,0,AVERAGE(E23,G23)) -> 1 | J23: =IF(H23=0,0,H23/I23) -> 10 | K23: =IF(#REF!<>0,"Não","") -> #REF! | T23: =C23 -> 45664 | U23: =H23 -> 10 | V23: =I23 -> 1 | W23: =J23 -> 10 | X23: =IF(W23=0," ",IF(W23>1,1,)) -> 1
B24: =B12 -> Qua | C24: =C12 -> 45665 | D24: 3 | E24: 1 | F24: 3 | G24: 1 | H24: =D24+F24 -> 6 | I24: =IF(H24=0,0,AVERAGE(E24,G24)) -> 1 | J24: =IF(H24=0,0,H24/I24) -> 6 | K24: =IF(#REF!<>0,"Não","") -> #REF! | T24: =C24 -> 45665 | U24: =H24 -> 6 | V24: =I24 -> 1 | W24: =J24 -> 6 | X24: =IF(W24=0," ",IF(W24>1,1,)) -> 1
B25: =B13 -> Qui | C25: =C13 -> 45666 | D25: 1 | E25: 0.75 | F25: 2 | G25: 0.75 | H25: =D25+F25 -> 3 | I25: =IF(H25=0,0,AVERAGE(E25,G25)) -> 0.75 | J25: =IF(H25=0,0,H25/I25) -> 4 | K25: =IF(#REF!<>0,"Não","") -> #REF! | T25: =C25 -> 45666 | U25: =H25 -> 3 | V25: =I25 -> 0.75 | W25: =J25 -> 4 | X25: =IF(W25=0," ",IF(W25>1,1,)) -> 1
B26: =B14 -> Sex | C26: =C14 -> 45667 | D26: 2 | E26: 1 | F26: 1 | G26: 0.5 | H26: =D26+F26 -> 3 | I26: =IF(H26=0,0,AVERAGE(E26,G26)) -> 0.75 | J26: =IF(H26=0,0,H26/I26) -> 4 | K26: =IF(#REF!<>0,"Não","") -> #REF! | T26: =C26 -> 45667 | U26: =H26 -> 3 | V26: =I26 -> 0.75 | W26: =J26 -> 4 | X26: =IF(W26=0," ",IF(W26>1,1,)) -> 1
B27: =B15 -> SAb | C27: =C15 -> 45668 | H27: =D27+F27 -> 0 | I27: =IF(H27=0,0,AVERAGE(E27,G27)) -> 0 | J27: =IF(H27=0,0,H27/I27) -> 0
B28: =B16 -> Total Geral | D28: =SUM(D22:D27) -> 14 | E28: =IF(SUM(E22:E27)=0,0,AVERAGE(E22:E27)) -> 0.8 | F28: =SUM(F22:F27) -> 15 | G28: =IF(SUM(G22:G27)=0,0,AVERAGE(G22:G27)) -> 0.8 | H28: =D28+F28 -> 29 | I28: =AVERAGE(I22:I26) -> 0.8 | J28: =IF(H28=0,0,H28/I28) -> 36.25 | U28: =D28+F28 -> 29 | V28: =SUM(V22:V26) -> 4 | W28: =SUM(W22:W26) -> 38 | X28: =COUNT(X22:X26) -> 5
W29: =W28/X28 -> 7.6 | X29: =IF(W28=0,0,W29) -> 7.6
B30: ='01jan'!B30 -> 40 | C30: ='01jan'!C30 -> 45 | D30: Folhas Frisadas
B31: =IF(H40=0,0,IF(H40>=1,W41)) -> 66.4 | D31: 7:30 a 12:00 | F31: 13:00 a 17:18 | H31: =H19 -> 45659 | L31: =L19 -> Justificativa por não ter conseguido produzir a demanda. Preencher esta coluna quando a coluna ao lado "Faltaram", não estiver com "0"
D32: =D20 -> Prod. | E32: =E20 -> Func. | F32: =D32 -> Prod. | G32: =E32 -> Func. | H32: =H20 -> Qtd. | I32: =I20 -> Méd Func. | J32: =J20 -> Méd. Prod.
B33: Produtividade Média | K33: Não | T33: =T21 -> Data | U33: =U21 -> Qtd. | V33: =V21 -> Méd Func. | W33: =W21 -> Produtividade Diária
B34: =B22 -> Seg | C34: =C10 -> 45663 | H34: =D34+F34 -> 0 | I34: =IF(H34=0,0,AVERAGE(E34,G34)) -> 0 | J34: =IF(H34=0,0,H34/I34) -> 0 | K34: =IF(#REF!<>0,"Não","") -> #REF! | L34: BALANÇO | T34: =C34 -> 45663 | U34: =H34 -> 0 | V34: =I34 -> 0 | W34: =J34 -> 0 | X34: =IF(W34=0," ",IF(W34>1,1,))
B35: =B23 -> Ter | C35: =C11 -> 45664 | D35: 11 | E35: 0.25 | F35: 30 | G35: 1 | H35: =D35+F35 -> 41 | I35: =IF(H35=0,0,AVERAGE(E35,G35)) -> 0.625 | J35: =IF(H35=0,0,H35/I35) -> 65.6 | K35: =IF(#REF!<>0,"Não","") -> #REF! | T35: =C35 -> 45664 | U35: =H35 -> 41 | V35: =I35 -> 0.625 | W35: =J35 -> 65.6 | X35: =IF(W35=0," ",IF(W35>1,1,)) -> 1
B36: =B24 -> Qua | C36: =C12 -> 45665 | D36: 24 | E36: 0.75 | F36: 19 | G36: 0.75 | H36: =D36+F36 -> 43 | I36: =IF(H36=0,0,AVERAGE(E36,G36)) -> 0.75 | J36: =IF(H36=0,0,H36/I36) -> 57.333333 | K36: =IF(#REF!<>0,"Não","") -> #REF! | T36: =C36 -> 45665 | U36: =H36 -> 43 | V36: =I36 -> 0.75 | W36: =J36 -> 57.333333 | X36: =IF(W36=0," ",IF(W36>1,1,)) -> 1
B37: =B25 -> Qui | C37: =C13 -> 45666 | D37: 18 | E37: 0.75 | F37: 23 | G37: 0.75 | H37: =D37+F37 -> 41 | I37: =IF(H37=0,0,AVERAGE(E37,G37)) -> 0.75 | J37: =IF(H37=0,0,H37/I37) -> 54.666667 | K37: =IF(#REF!<>0,"Não","") -> #REF! | T37: =C37 -> 45666 | U37: =H37 -> 41 | V37: =I37 -> 0.75 | W37: =J37 -> 54.666667 | X37: =IF(W37=0," ",IF(W37>1,1,)) -> 1
B38: =B26 -> Sex | C38: =C14 -> 45667 | D38: 20 | E38: 0.5 | F38: 24 | G38: 0.5 | H38: =D38+F38 -> 44 | I38: =IF(H38=0,0,AVERAGE(E38,G38)) -> 0.5 | J38: =IF(H38=0,0,H38/I38) -> 88 | K38: =IF(#REF!<>0,"Não","") -> #REF! | T38: =C38 -> 45667 | U38: =H38 -> 44 | V38: =I38 -> 0.5 | W38: =J38 -> 88 | X38: =IF(W38=0," ",IF(W38>1,1,)) -> 1
B39: =B27 -> SAb | C39: =C15 -> 45668 | H39: =D39+F39 -> 0 | I39: =IF(H39=0,0,AVERAGE(E39,G39)) -> 0 | J39: =IF(H39=0,0,H39/I39) -> 0
B40: =B28 -> Total Geral | D40: =SUM(D34:D39) -> 73 | E40: =IF(SUM(E34:E39)=0,0,AVERAGE(E34:E39)) -> 0.5625 | F40: =SUM(F34:F39) -> 96 | G40: =IF(SUM(G34:G39)=0,0,AVERAGE(G34:G39)) -> 0.75 | H40: =D40+F40 -> 169 | I40: =AVERAGE(I34:I38) -> 0.525 | J40: 0 | U40: =D40+F40 -> 169 | V40: =SUM(V34:V38) -> 2.625 | W40: =SUM(W34:W38) -> 265.6 | X40: =COUNT(X34:X38) -> 4
W41: =W40/X40 -> 66.4 | X41: =IF(W40=0,0,W41) -> 66.4
B42: ='01jan'!B42 -> 10 | C42: ='01jan'!C42 -> 20 | D42: Embalagens
B43: =IF(H52=0,0,IF(H52>1,W53)) -> 24 | D43: 7:30 a 12:00 | F43: 13:00 a 17:18 | H43: =H31 -> 45659 | L43: =L31 -> Justificativa por não ter conseguido produzir a demanda. Preencher esta coluna quando a coluna ao lado "Faltaram", não estiver com "0"
D44: =D32 -> Prod. | E44: =E32 -> Func. | F44: =F32 -> Prod. | G44: =G32 -> Func. | H44: =H32 -> Qtd. | I44: =I32 -> Méd Func. | J44: =J32 -> Méd. Prod.
B45: Produtividade Média | K45: Não | T45: =T33 -> Data | U45: =U33 -> Qtd. | V45: =V33 -> Méd Func. | W45: =W33 -> Produtividade Diária
B46: =B34 -> Seg | C46: =C10 -> 45663 | D46: 0 | E46: 0 | F46: 0 | G46: 0 | H46: =D46+F46 -> 0 | I46: =IF(H46=0,0,AVERAGE(E46,G46)) -> 0 | J46: =IF(H46=0,0,H46/I46) -> 0 | K46: =IF(#REF!<>0,"Não","") -> #REF! | T46: =C46 -> 45663 | U46: =H46 -> 0 | V46: =I46 -> 0 | W46: =J46 -> 0 | X46: =IF(W46=0," ",IF(W46>1,1,))
B47: =B35 -> Ter | C47: =C11 -> 45664 | D47: 0 | E47: 0 | F47: 0 | G47: 0 | H47: =D47+F47 -> 0 | I47: =IF(H47=0,0,AVERAGE(E47,G47)) -> 0 | J47: =IF(H47=0,0,H47/I47) -> 0 | K47: =IF(#REF!<>0,"Não","") -> #REF! | T47: =C47 -> 45664 | U47: =H47 -> 0 | V47: =I47 -> 0 | W47: =J47 -> 0 | X47: =IF(W47=0," ",IF(W47>1,1,))
B48: =B36 -> Qua | C48: =C12 -> 45665 | D48: 11 | E48: 0.75 | F48: 5 | G48: 0.25 | H48: =D48+F48 -> 16 | I48: =IF(H48=0,0,AVERAGE(E48,G48)) -> 0.5 | J48: =IF(H48=0,0,H48/I48) -> 32 | K48: =IF(#REF!<>0,"Não","") -> #REF! | T48: =C48 -> 45665 | U48: =H48 -> 16 | V48: =I48 -> 0.5 | W48: =J48 -> 32 | X48: =IF(W48=0," ",IF(W48>1,1,)) -> 1
B49: =B37 -> Qui | C49: =C13 -> 45666 | D49: 1 | E49: 0.125 | F49: 0 | G49: 0 | H49: =D49+F49 -> 1 | I49: =IF(H49=0,0,AVERAGE(E49,G49)) -> 0.0625 | J49: =IF(H49=0,0,H49/I49) -> 16 | K49: =IF(#REF!<>0,"Não","") -> #REF! | T49: =C49 -> 45666 | U49: =H49 -> 1 | V49: =I49 -> 0.0625 | W49: =J49 -> 16 | X49: =IF(W49=0," ",IF(W49>1,1,)) -> 1
B50: =B38 -> Sex | C50: =C14 -> 45667 | D50: 0 | E50: 0 | F50: 0 | G50: 0 | H50: =D50+F50 -> 0 | I50: =IF(H50=0,0,AVERAGE(E50,G50)) -> 0 | J50: =IF(H50=0,0,H50/I50) -> 0 | K50: =IF(#REF!<>0,"Não","") -> #REF! | T50: =C50 -> 45667 | U50: =H50 -> 0 | V50: =I50 -> 0 | W50: =J50 -> 0 | X50: =IF(W50=0," ",IF(W50>1,1,))
B51: =B39 -> SAb | C51: =C15 -> 45668 | H51: =D51+F51 -> 0 | I51: =IF(H51=0,0,AVERAGE(E51,G51)) -> 0 | J51: =IF(H51=0,0,H51/I51) -> 0
B52: =B40 -> Total Geral | D52: =SUM(D46:D51) -> 12 | E52: =IF(SUM(E46:E51)=0,0,AVERAGE(E46:E51)) -> 0.175 | F52: =SUM(F46:F51) -> 5 | G52: =IF(SUM(G46:G51)=0,0,AVERAGE(G46:G51)) -> 0.05 | H52: =D52+F52 -> 17 | I52: =AVERAGE(E52,G52) -> 0.1125 | J52: =IF(I52=0,0,H52/I52) -> 151.11111 | U52: =D52+F52 -> 17 | V52: =SUM(V46:V50) -> 0.5625 | W52: =SUM(W46:W50) -> 48 | X52: =COUNT(X46:X50) -> 2
W53: =W52/X52 -> 24 | X53: =IF(W52=0,0,W53) -> 24
W54: =#REF!/#REF! -> #REF! | X54: =IF(#REF!=0,0,W54) -> #REF!
B55: ='01jan'!B55 -> 9 | C55: ='01jan'!C55 -> 10 | D55: Portas Pintadas
B56: =IF(H65=0,0,IF(H65>=1,W66)) -> 12 | D56: 7:30 a 12:00 | F56: 13:00 a 17:18 | H56: =H43 -> 45659 | L56: =L43 -> Justificativa por não ter conseguido produzir a demanda. Preencher esta coluna quando a coluna ao lado "Faltaram", não estiver com "0"
D57: =D44 -> Prod. | E57: =E44 -> Func. | F57: =F44 -> Prod. | G57: =G44 -> Func. | H57: =H44 -> Qtd. | I57: =I44 -> Méd Func. | J57: =J44 -> Méd. Prod.
B58: Produtividade Média | K58: Não | T58: =T45 -> Data | U58: =U45 -> Qtd. | V58: =V45 -> Méd Func. | W58: =W45 -> Produtividade Diária
B59: =B46 -> Seg | C59: =C46 -> 45663 | D59: 0 | E59: 0 | F59: 0 | G59: 0 | H59: =D59+F59 -> 0 | I59: =IF(H59=0,0,AVERAGE(E59,G59)) -> 0 | J59: =IF(H59=0,0,H59/I59) -> 0 | K59: =IF(#REF!<>0,"Não","") -> #REF! | T59: =C59 -> 45663 | U59: =H59 -> 0 | V59: =I59 -> 0 | W59: =J59 -> 0 | X59: =IF(W59=0," ",IF(W59>1,1,)) | AE59: 175.02 | AG59: =AE59*8 -> 1400.16
B60: =B47 -> Ter | C60: =C47 -> 45664 | D60: 0 | E60: 0 | F60: 0 | G60: 0 | H60: =D60+F60 -> 0 | I60: =IF(H60=0,0,AVERAGE(E60,G60)) -> 0 | J60: =IF(H60=0,0,H60/I60) -> 0 | K60: =IF(#REF!<>0,"Não","") -> #REF! | T60: =C60 -> 45664 | U60: =H60 -> 0 | V60: =I60 -> 0 | W60: =J60 -> 0 | X60: =IF(W60=0," ",IF(W60>1,1,)) | AE60: =AE59*6 -> 1050.12
B61: =B48 -> Qua | C61: =C48 -> 45665 | D61: 0 | E61: 0 | F61: 0 | G61: 0 | H61: =D61+F61 -> 0 | I61: =IF(H61=0,0,AVERAGE(E61,G61)) -> 0 | J61: =IF(H61=0,0,H61/I61) -> 0 | K61: =IF(#REF!<>0,"Não","") -> #REF! | T61: =C61 -> 45665 | U61: =H61 -> 0 | V61: =I61 -> 0 | W61: =J61 -> 0 | X61: =IF(W61=0," ",IF(W61>1,1,)) | AE61: 7815.11
B62: =B49 -> Qui | C62: =C49 -> 45666 | D62: 1 | E62: 0.25 | F62: 0 | G62: 0 | H62: =D62+F62 -> 1 | I62: =IF(H62=0,0,AVERAGE(E62,G62)) -> 0.125 | J62: =IF(H62=0,0,H62/I62) -> 8 | K62: =IF(#REF!<>0,"Não","") -> #REF! | T62: =C62 -> 45666 | U62: =H62 -> 1 | V62: =I62 -> 0.125 | W62: =J62 -> 8 | X62: =IF(W62=0," ",IF(W62>1,1,)) -> 1
B63: =B50 -> Sex | C63: =C50 -> 45667 | D63: 0 | E63: 0 | F63: 2 | G63: 0.25 | H63: =D63+F63 -> 2 | I63: =IF(H63=0,0,AVERAGE(E63,G63)) -> 0.125 | J63: =IF(H63=0,0,H63/I63) -> 16 | K63: =IF(#REF!<>0,"Não","") -> #REF! | T63: =C63 -> 45667 | U63: =H63 -> 2 | V63: =I63 -> 0.125 | W63: =J63 -> 16 | X63: =IF(W63=0," ",IF(W63>1,1,)) -> 1 | AE63: =AE60+AE61 -> 8865.23
B64: =B51 -> SAb | C64: =C51 -> 45668 | H64: =D64+F64 -> 0 | I64: =IF(H64=0,0,AVERAGE(E64,G64)) -> 0 | J64: =IF(H64=0,0,H64/I64) -> 0
B65: =B52 -> Total Geral | D65: =SUM(D59:D64) -> 1 | E65: =IF(SUM(E59:E64)=0,0,AVERAGE(E59:E64)) -> 0.05 | F65: =SUM(F59:F64) -> 2 | G65: =IF(SUM(G59:G64)=0,0,AVERAGE(G59:G64)) -> 0.05 | H65: =D65+F65 -> 3 | I65: =AVERAGE(E65,G65) -> 0.05 | J65: =IF(I65=0,0,H65/I65) -> 60 | U65: =D65+F65 -> 3 | V65: =SUM(V59:V63) -> 0.25 | W65: =SUM(W59:W63) -> 24 | X65: =COUNT(X59:X63) -> 2
W66: =W65/X65 -> 12 | X66: =IF(W65=0,0,W66) -> 12
B67: ='01jan'!B67 -> 7 | C67: ='01jan'!C67 -> 10 | D67: Celula M
B68: =IF(H77=0,0,IF(H77>=1,W78)) -> 6.9333333 | D68: 7:30 a 12:00 | F68: 13:00 a 17:18 | H68: =H56 -> 45659 | L68: =L56 -> Justificativa por não ter conseguido produzir a demanda. Preencher esta coluna quando a coluna ao lado "Faltaram", não estiver com "0"
D69: =D57 -> Prod. | E69: =E57 -> Func. | F69: =D69 -> Prod. | G69: =E69 -> Func. | H69: =H57 -> Qtd. | I69: =I57 -> Méd Func. | J69: =J57 -> Méd. Prod.
B70: Produtividade Média | T70: =T58 -> Data | U70: =U58 -> Qtd. | V70: =V58 -> Méd Func. | W70: =W58 -> Produtividade Diária
B71: =B59 -> Seg | C71: =C59 -> 45663 | D71: 5 | E71: 1 | F71: 5 | G71: 1 | H71: =D71+F71 -> 10 | I71: =IF(H71=0,0,AVERAGE(E71,G71)) -> 1 | J71: =IF(H71=0,0,H71/I71) -> 10 | T71: =C71 -> 45663 | U71: =H71 -> 10 | V71: =I71 -> 1 | W71: =J71 -> 10 | X71: =IF(W71=0," ",IF(W71>1,1,)) -> 1
B72: =B60 -> Ter | C72: =C60 -> 45664 | D72: 0 | E72: 1 | F72: 10 | G72: 2 | H72: =D72+F72 -> 10 | I72: =IF(H72=0,0,AVERAGE(E72,G72)) -> 1.5 | J72: =IF(H72=0,0,H72/I72) -> 6.6666667 | T72: =C72 -> 45664 | U72: =H72 -> 10 | V72: =I72 -> 1.5 | W72: =J72 -> 6.6666667 | X72: =IF(W72=0," ",IF(W72>1,1,)) -> 1
B73: =B61 -> Qua | C73: =C61 -> 45665 | D73: 4 | E73: 2 | F73: 4 | G73: 2 | H73: =D73+F73 -> 8 | I73: =IF(H73=0,0,AVERAGE(E73,G73)) -> 2 | J73: =IF(H73=0,0,H73/I73) -> 4 | T73: =C73 -> 45665 | U73: =H73 -> 8 | V73: =I73 -> 2 | W73: =J73 -> 4 | X73: =IF(W73=0," ",IF(W73>1,1,)) -> 1
B74: =B62 -> Qui | C74: =C62 -> 45666 | D74: 8 | E74: 2 | F74: 4 | G74: 2 | H74: =D74+F74 -> 12 | I74: =IF(H74=0,0,AVERAGE(E74,G74)) -> 2 | J74: =IF(H74=0,0,H74/I74) -> 6 | T74: =C74 -> 45666 | U74: =H74 -> 12 | V74: =I74 -> 2 | W74: =J74 -> 6 | X74: =IF(W74=0," ",IF(W74>1,1,)) -> 1
B75: =B63 -> Sex | C75: =C63 -> 45667 | D75: 0 | E75: 2 | F75: 16 | G75: 2 | H75: =D75+F75 -> 16 | I75: =IF(H75=0,0,AVERAGE(E75,G75)) -> 2 | J75: =IF(H75=0,0,H75/I75) -> 8 | T75: =C75 -> 45667 | U75: =H75 -> 16 | V75: =I75 -> 2 | W75: =J75 -> 8 | X75: =IF(W75=0," ",IF(W75>1,1,)) -> 1
B76: =B64 -> SAb | C76: =C64 -> 45668 | H76: =D76+F76 -> 0 | I76: =IF(H76=0,0,AVERAGE(E76,G76)) -> 0 | J76: =IF(H76=0,0,H76/I76) -> 0
B77: =B65 -> Total Geral | D77: =SUM(D71:D76) -> 17 | E77: =IF(SUM(E71:E76)=0,0,AVERAGE(E71:E76)) -> 1.6 | F77: =SUM(F71:F76) -> 39 | G77: =IF(SUM(G71:G76)=0,0,AVERAGE(G71:G76)) -> 1.8 | H77: =D77+F77 -> 56 | I77: =AVERAGE(E77,G77) -> 1.7 | J77: =IF(I77=0,0,H77/I77) -> 32.941176 | U77: =D77+F77 -> 56 | V77: =SUM(V71:V75) -> 8.5 | W77: =SUM(W71:W75) -> 34.666667 | X77: =COUNT(X71:X75) -> 5
W78: =W77/X77 -> 6.9333333 | X78: =IF(W77=0,0,W78) -> 6.9333333
B80: Servicos Diversos | AI80: MARÇO
B81: =B71 -> Seg | C81: =C22 -> 45663 | AI81: ABRIL
B82: =B72 -> Ter | C82: =C23 -> 45664 | AI82: MAIO
B83: =B73 -> Qua | C83: =C24 -> 45665 | AI83: JUNHO
B84: =B74 -> Qui | C84: =C25 -> 45666 | AI84: JULHO
B85: =B75 -> Sex | C85: =C26 -> 45667 | AI85: AGOSTO
B86: =B76 -> SAb | C86: =C27 -> 45668 | AI86: SETEMBRO
AI87: OUTUBRO
AI88: NOVEMBRO
AI89: DEZEMBRO

Sheet 13jan
M2: =TODAY() -> 46034 | W2: 29
B6: ='01jan'!B6 -> 31 | C6: ='01jan'!C6 -> 32 | D6: Celula A
B7: =IF(H16=0,0,IF(H16>=1,W17)) -> 21.630226 | D7: 7:30 a 12:00 | F7: 13:00 a 17:18 | H7: =C10 -> 45670 | L7: Justificativa por não ter conseguido produzir a demanda. Preencher esta coluna quando a coluna ao lado "Faltaram", não estiver com "0"
D8: Prod. | E8: Func. | F8: =D8 -> Prod. | G8: =E8 -> Func. | H8: Qtd. | I8: Méd Func. | J8: Méd. Prod.
B9: Produtividade Média | K9: Não | T9: Data | U9: =H8 -> Qtd. | V9: =I8 -> Méd Func. | W9: Produtividade Diária
B10: Seg | C10: ='06jan'!C15+2 -> 45670 | D10: 80 | E10: 8 | F10: 85 | G10: 7.5 | H10: =D10+F10 -> 165 | I10: =IF(H10=0,0,AVERAGE(E10,G10)) -> 7.75 | J10: =IF(H10=0,0,H10/I10) -> 21.290323 | K10: =IF(#REF!<>0,"Não","") -> #REF! | T10: =C10 -> 45670 | U10: =H10 -> 165 | V10: =I10 -> 7.75 | W10: =J10 -> 21.290323 | X10: =IF(W10=0," ",IF(W10>1,1,)) -> 1
B11: Ter | C11: =C10+1 -> 45671 | D11: 72 | E11: 7 | F11: 70 | G11: 7 | H11: =D11+F11 -> 142 | I11: =IF(H11=0,0,AVERAGE(E11,G11)) -> 7 | J11: =IF(H11=0,0,H11/I11) -> 20.285714 | K11: =IF(#REF!<>0,"Não","") -> #REF! | T11: =C11 -> 45671 | U11: =H11 -> 142 | V11: =I11 -> 7 | W11: =J11 -> 20.285714 | X11: =IF(W11=0," ",IF(W11>1,1,)) -> 1
B12: Qua | C12: =C11+1 -> 45672 | D12: 74 | E12: 7 | F12: 52 | G12: 6 | H12: =D12+F12 -> 126 | I12: =IF(H12=0,0,AVERAGE(E12,G12)) -> 6.5 | J12: =IF(H12=0,0,H12/I12) -> 19.384615 | K12: =IF(#REF!<>0,"Não","") -> #REF! | T12: =C12 -> 45672 | U12: =H12 -> 126 | V12: =I12 -> 6.5 | W12: =J12 -> 19.384615 | X12: =IF(W12=0," ",IF(W12>1,1,)) -> 1
B13: Qui | C13: =C12+1 -> 45673 | D13: 66 | E13: 7 | F13: 73 | G13: 7 | H13: =D13+F13 -> 139 | I13: =IF(H13=0,0,AVERAGE(E13,G13)) -> 7 | J13: =IF(H13=0,0,H13/I13) -> 19.857143 | K13: =IF(#REF!<>0,"Não","") -> #REF! | T13: =C13 -> 45673 | U13: =H13 -> 139 | V13: =I13 -> 7 | W13: =J13 -> 19.857143 | X13: =IF(W13=0," ",IF(W13>1,1,)) -> 1
B14: Sex | C14: =C13+1 -> 45674 | D14: 119 | E14: 8 | F14: 86 | G14: 7 | H14: =D14+F14 -> 205 | I14: =IF(H14=0,0,AVERAGE(E14,G14)) -> 7.5 | J14: =IF(H14=0,0,H14/I14) -> 27.333333 | K14: =IF(#REF!<>0,"Não","") -> #REF! | T14: =C14 -> 45674 | U14: =H14 -> 205 | V14: =I14 -> 7.5 | W14: =J14 -> 27.333333 | X14: =IF(W14=0," ",IF(W14>1,1,)) -> 1
B15: SAb | C15: =C14+1 -> 45675 | H15: =D15+F15 -> 0 | I15: =IF(H15=0,0,AVERAGE(E15,G15)) -> 0 | J15: =IF(H15=0,0,H15/I15) -> 0
B16: Total Geral | D16: =SUM(D10:D15) -> 411 | E16: =IF(SUM(E10:E15)=0,0,AVERAGE(E10:E15)) -> 7.4 | F16: =SUM(F10:F15) -> 366 | G16: =IF(SUM(G10:G15)=0,0,AVERAGE(G10:G15)) -> 6.9 | H16: =D16+F16 -> 777 | I16: =IF(H16=0,0,AVERAGE(E16,G16)) -> 7.15 | J16: =IF(H16=0,0,H16/I16) -> 108.67133 | U16: =D16+F16 -> 777 | V16: =SUM(V10:V14) -> 35.75 | W16: =SUM(W10:W14) -> 108.15113 | X16: =COUNT(X10:X14) -> 5
W17: =W16/X16 -> 21.630226 | X17: =IF(W16=0,0,W17) -> 21.630226
B18: ='01jan'!B18 -> 9 | C18: ='01jan'!C18 -> 20 | D18: Consertos de Portas
B19: =IF(H28=0,0,IF(H28>=1,W29)) -> 11.133333 | D19: 7:30 a 12:00 | F19: 13:00 a 17:18 | H19: =C22 -> 45670 | L19: =L7 -> Justificativa por não ter conseguido produzir a demanda. Preencher esta coluna quando a coluna ao lado "Faltaram", não estiver com "0"
D20: =D8 -> Prod. | E20: =E8 -> Func. | F20: =D20 -> Prod. | G20: =E20 -> Func. | H20: =H8 -> Qtd. | I20: =I8 -> Méd Func. | J20: =J8 -> Méd. Prod.
B21: =B9 -> Produtividade Média | K21: Não | T21: =T9 -> Data | U21: =U9 -> Qtd. | V21: =V9 -> Méd Func. | W21: =W9 -> Produtividade Diária
B22: =B10 -> Seg | C22: =C10 -> 45670 | D22: 3 | E22: 0.75 | F22: 1 | G22: 0.25 | H22: =D22+F22 -> 4 | I22: =IF(H22=0,0,AVERAGE(E22,G22)) -> 0.5 | J22: =IF(H22=0,0,H22/I22) -> 8 | K22: =IF(#REF!<>0,"Não","") -> #REF! | T22: =C22 -> 45670 | U22: =H22 -> 4 | V22: =I22 -> 0.5 | W22: =J22 -> 8 | X22: =IF(W22=0," ",IF(W22>1,1,)) -> 1
B23: =B11 -> Ter | C23: =C11 -> 45671 | D23: 7 | E23: 1 | F23: 6 | G23: 1 | H23: =D23+F23 -> 13 | I23: =IF(H23=0,0,AVERAGE(E23,G23)) -> 1 | J23: =IF(H23=0,0,H23/I23) -> 13 | K23: =IF(#REF!<>0,"Não","") -> #REF! | T23: =C23 -> 45671 | U23: =H23 -> 13 | V23: =I23 -> 1 | W23: =J23 -> 13 | X23: =IF(W23=0," ",IF(W23>1,1,)) -> 1
B24: =B12 -> Qua | C24: =C12 -> 45672 | D24: 9 | E24: 0.75 | F24: 4 | G24: 0.75 | H24: =D24+F24 -> 13 | I24: =IF(H24=0,0,AVERAGE(E24,G24)) -> 0.75 | J24: =IF(H24=0,0,H24/I24) -> 17.333333 | K24: =IF(#REF!<>0,"Não","") -> #REF! | T24: =C24 -> 45672 | U24: =H24 -> 13 | V24: =I24 -> 0.75 | W24: =J24 -> 17.333333 | X24: =IF(W24=0," ",IF(W24>1,1,)) -> 1
B25: =B13 -> Qui | C25: =C13 -> 45673 | D25: 3 | E25: 0.75 | F25: 4 | G25: 0.75 | H25: =D25+F25 -> 7 | I25: =IF(H25=0,0,AVERAGE(E25,G25)) -> 0.75 | J25: =IF(H25=0,0,H25/I25) -> 9.3333333 | K25: =IF(#REF!<>0,"Não","") -> #REF! | T25: =C25 -> 45673 | U25: =H25 -> 7 | V25: =I25 -> 0.75 | W25: =J25 -> 9.3333333 | X25: =IF(W25=0," ",IF(W25>1,1,)) -> 1
B26: =B14 -> Sex | C26: =C14 -> 45674 | D26: 3 | E26: 0.75 | F26: 0 | G26: 0 | H26: =D26+F26 -> 3 | I26: =IF(H26=0,0,AVERAGE(E26,G26)) -> 0.375 | J26: =IF(H26=0,0,H26/I26) -> 8 | K26: =IF(#REF!<>0,"Não","") -> #REF! | T26: =C26 -> 45674 | U26: =H26 -> 3 | V26: =I26 -> 0.375 | W26: =J26 -> 8 | X26: =IF(W26=0," ",IF(W26>1,1,)) -> 1
B27: =B15 -> SAb | C27: =C15 -> 45675 | H27: =D27+F27 -> 0 | I27: =IF(H27=0,0,AVERAGE(E27,G27)) -> 0 | J27: =IF(H27=0,0,H27/I27) -> 0
B28: =B16 -> Total Geral | D28: =SUM(D22:D27) -> 25 | E28: =IF(SUM(E22:E27)=0,0,AVERAGE(E22:E27)) -> 0.8 | F28: =SUM(F22:F27) -> 15 | G28: =IF(SUM(G22:G27)=0,0,AVERAGE(G22:G27)) -> 0.55 | H28: =D28+F28 -> 40 | I28: =AVERAGE(I22:I26) -> 0.675 | J28: =IF(H28=0,0,H28/I28) -> 59.259259 | U28: =D28+F28 -> 40 | V28: =SUM(V22:V26) -> 3.375 | W28: =SUM(W22:W26) -> 55.666667 | X28: =COUNT(X22:X26) -> 5
W29: =W28/X28 -> 11.133333 | X29: =IF(W28=0,0,W29) -> 11.133333
B30: ='01jan'!B30 -> 40 | C30: ='01jan'!C30 -> 45 | D30: Folhas Frisadas
B31: =IF(H40=0,0,IF(H40>=1,W41)) -> 44.533333 | D31: 7:30 a 12:00 | F31: 13:00 a 17:18 | H31: =C34 -> 45670 | L31: =L19 -> Justificativa por não ter conseguido produzir a demanda. Preencher esta coluna quando a coluna ao lado "Faltaram", não estiver com "0"
D32: =D20 -> Prod. | E32: =E20 -> Func. | F32: =D32 -> Prod. | G32: =E32 -> Func. | H32: =H20 -> Qtd. | I32: =I20 -> Méd Func. | J32: =J20 -> Méd. Prod.
B33: Produtividade Média | K33: Não | T33: =T21 -> Data | U33: =U21 -> Qtd. | V33: =V21 -> Méd Func. | W33: =W21 -> Produtividade Diária
B34: =B22 -> Seg | C34: =C10 -> 45670 | D34: 24 | E34: 0.75 | F34: 18 | G34: 0.75 | H34: =D34+F34 -> 42 | I34: =IF(H34=0,0,AVERAGE(E34,G34)) -> 0.75 | J34: =IF(H34=0,0,H34/I34) -> 56 | K34: =IF(#REF!<>0,"Não","") -> #REF! | T34: =C34 -> 45670 | U34: =H34 -> 42 | V34: =I34 -> 0.75 | W34: =J34 -> 56 | X34: =IF(W34=0," ",IF(W34>1,1,)) -> 1
B35: =B23 -> Ter | C35: =C11 -> 45671 | D35: 8 | E35: 0.25 | F35: 0 | G35: 0 | H35: =D35+F35 -> 8 | I35: =IF(H35=0,0,AVERAGE(E35,G35)) -> 0.125 | J35: =IF(H35=0,0,H35/I35) -> 64 | K35: =IF(#REF!<>0,"Não","") -> #REF! | T35: =C35 -> 45671 | U35: =H35 -> 8 | V35: =I35 -> 0.125 | W35: =J35 -> 64 | X35: =IF(W35=0," ",IF(W35>1,1,)) -> 1
B36: =B24 -> Qua | C36: =C12 -> 45672 | D36: 0 | E36: 0 | F36: 4 | G36: 0.75 | H36: =D36+F36 -> 4 | I36: =IF(H36=0,0,AVERAGE(E36,G36)) -> 0.375 | J36: =IF(H36=0,0,H36/I36) -> 10.666667 | K36: =IF(#REF!<>0,"Não","") -> #REF! | T36: =C36 -> 45672 | U36: =H36 -> 4 | V36: =I36 -> 0.375 | W36: =J36 -> 10.666667 | X36: =IF(W36=0," ",IF(W36>1,1,)) -> 1
B37: =B25 -> Qui | C37: =C13 -> 45673 | D37: 15 | E37: 0.75 | F37: 24 | G37: 0.75 | H37: =D37+F37 -> 39 | I37: =IF(H37=0,0,AVERAGE(E37,G37)) -> 0.75 | J37: =IF(H37=0,0,H37/I37) -> 52 | K37: =IF(#REF!<>0,"Não","") -> #REF! | T37: =C37 -> 45673 | U37: =H37 -> 39 | V37: =I37 -> 0.75 | W37: =J37 -> 52 | X37: =IF(W37=0," ",IF(W37>1,1,)) -> 1
B38: =B26 -> Sex | C38: =C14 -> 45674 | D38: 20 | E38: 1 | F38: 0 | G38: 0 | H38: =D38+F38 -> 20 | I38: =IF(H38=0,0,AVERAGE(E38,G38)) -> 0.5 | J38: =IF(H38=0,0,H38/I38) -> 40 | K38: =IF(#REF!<>0,"Não","") -> #REF! | T38: =C38 -> 45674 | U38: =H38 -> 20 | V38: =I38 -> 0.5 | W38: =J38 -> 40 | X38: =IF(W38=0," ",IF(W38>1,1,)) -> 1
B39: =B27 -> SAb | C39: =C15 -> 45675 | H39: =D39+F39 -> 0 | I39: =IF(H39=0,0,AVERAGE(E39,G39)) -> 0 | J39: =IF(H39=0,0,H39/I39) -> 0
B40: =B28 -> Total Geral | D40: =SUM(D34:D39) -> 67 | E40: =IF(SUM(E34:E39)=0,0,AVERAGE(E34:E39)) -> 0.55 | F40: =SUM(F34:F39) -> 46 | G40: =IF(SUM(G34:G39)=0,0,AVERAGE(G34:G39)) -> 0.45 | H40: =D40+F40 -> 113 | I40: =AVERAGE(I34:I38) -> 0.5 | J40: 0 | U40: =D40+F40 -> 113 | V40: =SUM(V34:V38) -> 2.5 | W40: =SUM(W34:W38) -> 222.66667 | X40: =COUNT(X34:X38) -> 5
W41: =W40/X40 -> 44.533333 | X41: =IF(W40=0,0,W41) -> 44.533333
B42: ='01jan'!B42 -> 10 | C42: ='01jan'!C42 -> 20 | D42: Embalagens
B43: =IF(H52=0,0,IF(H52>1,W53)) -> 42.857143 | D43: 7:30 a 12:00 | F43: 13:00 a 17:18 | H43: 45293 | L43: =L31 -> Justificativa por não ter conseguido produzir a demanda. Preencher esta coluna quando a coluna ao lado "Faltaram", não estiver com "0"
D44: =D32 -> Prod. | E44: =E32 -> Func. | F44: =F32 -> Prod. | G44: =G32 -> Func. | H44: =H32 -> Qtd. | I44: =I32 -> Méd Func. | J44: =J32 -> Méd. Prod.
B45: Produtividade Média | K45: Não | T45: =T33 -> Data | U45: =U33 -> Qtd. | V45: =V33 -> Méd Func. | W45: =W33 -> Produtividade Diária
B46: =B34 -> Seg | C46: =C10 -> 45670 | D46: 0 | E46: 0 | F46: 8 | G46: 0.25 | H46: =D46+F46 -> 8 | I46: =IF(H46=0,0,AVERAGE(E46,G46)) -> 0.125 | J46: =IF(H46=0,0,H46/I46) -> 64 | K46: =IF(#REF!<>0,"Não","") -> #REF! | T46: =C46 -> 45670 | U46: =H46 -> 8 | V46: =I46 -> 0.125 | W46: =J46 -> 64 | X46: =IF(W46=0," ",IF(W46>1,1,)) -> 1
B47: =B35 -> Ter | C47: =C11 -> 45671 | D47: 11 | E47: 0.75 | F47: 27 | G47: 1 | H47: =D47+F47 -> 38 | I47: =IF(H47=0,0,AVERAGE(E47,G47)) -> 0.875 | J47: =IF(H47=0,0,H47/I47) -> 43.428571 | K47: =IF(#REF!<>0,"Não","") -> #REF! | T47: =C47 -> 45671 | U47: =H47 -> 38 | V47: =I47 -> 0.875 | W47: =J47 -> 43.428571 | X47: =IF(W47=0," ",IF(W47>1,1,)) -> 1
B48: =B36 -> Qua | C48: =C12 -> 45672 | D48: 16 | E48: 1 | F48: 12 | G48: 0.75 | H48: =D48+F48 -> 28 | I48: =IF(H48=0,0,AVERAGE(E48,G48)) -> 0.875 | J48: =IF(H48=0,0,H48/I48) -> 32 | K48: =IF(#REF!<>0,"Não","") -> #REF! | T48: =C48 -> 45672 | U48: =H48 -> 28 | V48: =I48 -> 0.875 | W48: =J48 -> 32 | X48: =IF(W48=0," ",IF(W48>1,1,)) -> 1
B49: =B37 -> Qui | C49: =C13 -> 45673 | D49: 12 | E49: 0.75 | F49: 4 | G49: 0.25 | H49: =D49+F49 -> 16 | I49: =IF(H49=0,0,AVERAGE(E49,G49)) -> 0.5 | J49: =IF(H49=0,0,H49/I49) -> 32 | K49: =IF(#REF!<>0,"Não","") -> #REF! | T49: =C49 -> 45673 | U49: =H49 -> 16 | V49: =I49 -> 0.5 | W49: =J49 -> 32 | X49: =IF(W49=0," ",IF(W49>1,1,)) -> 1
B50: =B38 -> Sex | C50: =C14 -> 45674 | D50: 0 | E50: 0 | F50: 0 | G50: 0 | H50: =D50+F50 -> 0 | I50: =IF(H50=0,0,AVERAGE(E50,G50)) -> 0 | J50: =IF(H50=0,0,H50/I50) -> 0 | K50: =IF(#REF!<>0,"Não","") -> #REF! | T50: =C50 -> 45674 | U50: =H50 -> 0 | V50: =I50 -> 0 | W50: =J50 -> 0 | X50: =IF(W50=0," ",IF(W50>1,1,))
B51: =B39 -> SAb | C51: =C15 -> 45675 | H51: =D51+F51 -> 0 | I51: =IF(H51=0,0,AVERAGE(E51,G51)) -> 0 | J51: =IF(H51=0,0,H51/I51) -> 0
B52: =B40 -> Total Geral | D52: =SUM(D46:D51) -> 39 | E52: =IF(SUM(E46:E51)=0,0,AVERAGE(E46:E51)) -> 0.5 | F52: =SUM(F46:F51) -> 51 | G52: =IF(SUM(G46:G51)=0,0,AVERAGE(G46:G51)) -> 0.45 | H52: =D52+F52 -> 90 | I52: =AVERAGE(E52,G52) -> 0.475 | J52: =IF(I52=0,0,H52/I52) -> 189.47368 | U52: =D52+F52 -> 90 | V52: =SUM(V46:V50) -> 2.375 | W52: =SUM(W46:W50) -> 171.42857 | X52: =COUNT(X46:X50) -> 4
W53: =W52/X52 -> 42.857143 | X53: =IF(W52=0,0,W53) -> 42.857143
W54: =#REF!/#REF! -> #REF! | X54: =IF(#REF!=0,0,W54) -> #REF!
B55: ='01jan'!B55 -> 9 | C55: ='01jan'!C55 -> 10 | D55: Portas Pintadas
B56: =IF(H65=0,0,IF(H65>=1,W66)) -> 12.453333 | D56: 7:30 a 12:00 | F56: 13:00 a 17:18 | H56: 45293 | L56: =L43 -> Justificativa por não ter conseguido produzir a demanda. Preencher esta coluna quando a coluna ao lado "Faltaram", não estiver com "0"
D57: =D44 -> Prod. | E57: =E44 -> Func. | F57: =F44 -> Prod. | G57: =G44 -> Func. | H57: =H44 -> Qtd. | I57: =I44 -> Méd Func. | J57: =J44 -> Méd. Prod.
B58: Produtividade Média | K58: Não | T58: =T45 -> Data | U58: =U45 -> Qtd. | V58: =V45 -> Méd Func. | W58: =W45 -> Produtividade Diária
B59: =B46 -> Seg | C59: =C46 -> 45670 | D59: 4 | E59: 0.75 | F59: 2 | G59: 0.5 | H59: =D59+F59 -> 6 | I59: =IF(H59=0,0,AVERAGE(E59,G59)) -> 0.625 | J59: =IF(H59=0,0,H59/I59) -> 9.6 | K59: =IF(#REF!<>0,"Não","") -> #REF! | T59: =C59 -> 45670 | U59: =H59 -> 6 | V59: =I59 -> 0.625 | W59: =J59 -> 9.6 | X59: =IF(W59=0," ",IF(W59>1,1,)) -> 1 | AE59: 175.02 | AG59: =AE59*8 -> 1400.16
B60: =B47 -> Ter | C60: =C47 -> 45671 | D60: 0 | E60: 0 | F60: 2 | G60: 0.75 | H60: =D60+F60 -> 2 | I60: =IF(H60=0,0,AVERAGE(E60,G60)) -> 0.375 | J60: =IF(H60=0,0,H60/I60) -> 5.3333333 | K60: =IF(#REF!<>0,"Não","") -> #REF! | T60: =C60 -> 45671 | U60: =H60 -> 2 | V60: =I60 -> 0.375 | W60: =J60 -> 5.3333333 | X60: =IF(W60=0," ",IF(W60>1,1,)) -> 1 | AE60: =AE59*6 -> 1050.12
B61: =B48 -> Qua | C61: =C48 -> 45672 | D61: 8 | E61: 0.75 | F61: 0 | G61: 0 | H61: =D61+F61 -> 8 | I61: =IF(H61=0,0,AVERAGE(E61,G61)) -> 0.375 | J61: =IF(H61=0,0,H61/I61) -> 21.333333 | K61: =IF(#REF!<>0,"Não","") -> #REF! | T61: =C61 -> 45672 | U61: =H61 -> 8 | V61: =I61 -> 0.375 | W61: =J61 -> 21.333333 | X61: =IF(W61=0," ",IF(W61>1,1,)) -> 1 | AE61: 7815.11
B62: =B49 -> Qui | C62: =C49 -> 45673 | D62: 0 | E62: 0 | F62: 2 | G62: 0.5 | H62: =D62+F62 -> 2 | I62: =IF(H62=0,0,AVERAGE(E62,G62)) -> 0.25 | J62: =IF(H62=0,0,H62/I62) -> 8 | K62: =IF(#REF!<>0,"Não","") -> #REF! | T62: =C62 -> 45673 | U62: =H62 -> 2 | V62: =I62 -> 0.25 | W62: =J62 -> 8 | X62: =IF(W62=0," ",IF(W62>1,1,)) -> 1
B63: =B50 -> Sex | C63: =C50 -> 45674 | D63: 9 | E63: 1 | F63: 0 | G63: 0 | H63: =D63+F63 -> 9 | I63: =IF(H63=0,0,AVERAGE(E63,G63)) -> 0.5 | J63: =IF(H63=0,0,H63/I63) -> 18 | K63: =IF(#REF!<>0,"Não","") -> #REF! | T63: =C63 -> 45674 | U63: =H63 -> 9 | V63: =I63 -> 0.5 | W63: =J63 -> 18 | X63: =IF(W63=0," ",IF(W63>1,1,)) -> 1 | AE63: =AE60+AE61 -> 8865.23
B64: =B51 -> SAb | C64: =C51 -> 45675 | H64: =D64+F64 -> 0 | I64: =IF(H64=0,0,AVERAGE(E64,G64)) -> 0 | J64: =IF(H64=0,0,H64/I64) -> 0
B65: =B52 -> Total Geral | D65: =SUM(D59:D64) -> 21 | E65: =IF(SUM(E59:E64)=0,0,AVERAGE(E59:E64)) -> 0.5 | F65: =SUM(F59:F64) -> 6 | G65: =IF(SUM(G59:G64)=0,0,AVERAGE(G59:G64)) -> 0.35 | H65: =D65+F65 -> 27 | I65: =AVERAGE(E65,G65) -> 0.425 | J65: =IF(I65=0,0,H65/I65) -> 63.529412 | U65: =D65+F65 -> 27 | V65: =SUM(V59:V63) -> 2.125 | W65: =SUM(W59:W63) -> 62.266667 | X65: =COUNT(X59:X63) -> 5
W66: =W65/X65 -> 12.453333 | X66: =IF(W65=0,0,W66) -> 12.453333
B67: ='01jan'!B67 -> 7 | C67: ='01jan'!C67 -> 10 | D67: Celula M
B68: =IF(H77=0,0,IF(H77>=1,W78)) -> 5.9095238 | D68: 7:30 a 12:00 | F68: 13:00 a 17:18 | H68: 45293 | L68: =L56 -> Justificativa por não ter conseguido produzir a demanda. Preencher esta coluna quando a coluna ao lado "Faltaram", não estiver com "0"
D69: =D57 -> Prod. | E69: =E57 -> Func. | F69: =D69 -> Prod. | G69: =E69 -> Func. | H69: =H57 -> Qtd. | I69: =I57 -> Méd Func. | J69: =J57 -> Méd. Prod.
B70: Produtividade Média | T70: =T58 -> Data | U70: =U58 -> Qtd. | V70: =V58 -> Méd Func. | W70: =W58 -> Produtividade Diária
B71: =B59 -> Seg | C71: =C59 -> 45670 | D71: 0 | E71: 2 | F71: 10 | G71: 1.5 | H71: =D71+F71 -> 10 | I71: =IF(H71=0,0,AVERAGE(E71,G71)) -> 1.75 | J71: =IF(H71=0,0,H71/I71) -> 5.7142857 | T71: =C71 -> 45670 | U71: =H71 -> 10 | V71: =I71 -> 1.75 | W71: =J71 -> 5.7142857 | X71: =IF(W71=0," ",IF(W71>1,1,)) -> 1
B72: =B60 -> Ter | C72: =C60 -> 45671 | D72: 0 | E72: 2 | F72: 9 | G72: 2 | H72: =D72+F72 -> 9 | I72: =IF(H72=0,0,AVERAGE(E72,G72)) -> 2 | J72: =IF(H72=0,0,H72/I72) -> 4.5 | T72: =C72 -> 45671 | U72: =H72 -> 9 | V72: =I72 -> 2 | W72: =J72 -> 4.5 | X72: =IF(W72=0," ",IF(W72>1,1,)) -> 1
B73: =B61 -> Qua | C73: =C61 -> 45672 | D73: 7 | E73: 2 | F73: 7 | G73: 1 | H73: =D73+F73 -> 14 | I73: =IF(H73=0,0,AVERAGE(E73,G73)) -> 1.5 | J73: =IF(H73=0,0,H73/I73) -> 9.3333333 | T73: =C73 -> 45672 | U73: =H73 -> 14 | V73: =I73 -> 1.5 | W73: =J73 -> 9.3333333 | X73: =IF(W73=0," ",IF(W73>1,1,)) -> 1
B74: =B62 -> Qui | C74: =C62 -> 45673 | D74: 0 | E74: 2 | F74: 5 | G74: 2 | H74: =D74+F74 -> 5 | I74: =IF(H74=0,0,AVERAGE(E74,G74)) -> 2 | J74: =IF(H74=0,0,H74/I74) -> 2.5 | T74: =C74 -> 45673 | U74: =H74 -> 5 | V74: =I74 -> 2 | W74: =J74 -> 2.5 | X74: =IF(W74=0," ",IF(W74>1,1,)) -> 1
B75: =B63 -> Sex | C75: =C63 -> 45674 | D75: 12 | E75: 2 | F75: 3 | G75: 2 | H75: =D75+F75 -> 15 | I75: =IF(H75=0,0,AVERAGE(E75,G75)) -> 2 | J75: =IF(H75=0,0,H75/I75) -> 7.5 | T75: =C75 -> 45674 | U75: =H75 -> 15 | V75: =I75 -> 2 | W75: =J75 -> 7.5 | X75: =IF(W75=0," ",IF(W75>1,1,)) -> 1
B76: =B64 -> SAb | C76: =C64 -> 45675 | H76: =D76+F76 -> 0 | I76: =IF(H76=0,0,AVERAGE(E76,G76)) -> 0 | J76: =IF(H76=0,0,H76/I76) -> 0
B77: =B65 -> Total Geral | D77: =SUM(D71:D76) -> 19 | E77: =IF(SUM(E71:E76)=0,0,AVERAGE(E71:E76)) -> 2 | F77: =SUM(F71:F76) -> 34 | G77: =IF(SUM(G71:G76)=0,0,AVERAGE(G71:G76)) -> 1.7 | H77: =D77+F77 -> 53 | I77: =AVERAGE(E77,G77) -> 1.85 | J77: =IF(I77=0,0,H77/I77) -> 28.648649 | U77: =D77+F77 -> 53 | V77: =SUM(V71:V75) -> 9.25 | W77: =SUM(W71:W75) -> 29.547619 | X77: =COUNT(X71:X75) -> 5
W78: =W77/X77 -> 5.9095238 | X78: =IF(W77=0,0,W78) -> 5.9095238
B80: Servicos Diversos | AI80: MARÇO
B81: =B71 -> Seg | C81: =C22 -> 45670 | AI81: ABRIL
B82: =B72 -> Ter | C82: =C23 -> 45671 | AI82: MAIO
B83: =B73 -> Qua | C83: =C24 -> 45672 | AI83: JUNHO
B84: =B74 -> Qui | C84: =C25 -> 45673 | AI84: JULHO
B85: =B75 -> Sex | C85: =C26 -> 45674 | AI85: AGOSTO
B86: =B76 -> SAb | C86: =C27 -> 45675 | AI86: SETEMBRO
AI87: OUTUBRO
AI88: NOVEMBRO
AI89: DEZEMBRO

Sheet 20jan
M2: =TODAY() -> 46034 | W2: 29
B6: ='01jan'!B6 -> 31 | C6: ='01jan'!C6 -> 32 | D6: Celula A
B7: =IF(H16=0,0,IF(H16>=1,W17)) -> 24.807792 | D7: 7:30 a 12:00 | F7: 13:00 a 17:18 | H7: =C10 -> 45677 | L7: Justificativa por não ter conseguido produzir a demanda. Preencher esta coluna quando a coluna ao lado "Faltaram", não estiver com "0"
D8: Prod. | E8: Func. | F8: =D8 -> Prod. | G8: =E8 -> Func. | H8: Qtd. | I8: Méd Func. | J8: Méd. Prod.
B9: Produtividade Média | K9: Não | T9: Data | U9: =H8 -> Qtd. | V9: =I8 -> Méd Func. | W9: Produtividade Diária
B10: Seg | C10: ='13jan'!C15+2 -> 45677 | D10: 122 | E10: 7 | F10: 80 | G10: 7 | H10: =D10+F10 -> 202 | I10: =IF(H10=0,0,AVERAGE(E10,G10)) -> 7 | J10: =IF(H10=0,0,H10/I10) -> 28.857143 | K10: =IF(#REF!<>0,"Não","") -> #REF! | T10: =C10 -> 45677 | U10: =H10 -> 202 | V10: =I10 -> 7 | W10: =J10 -> 28.857143 | X10: =IF(W10=0," ",IF(W10>1,1,)) -> 1
B11: Ter | C11: =C10+1 -> 45678 | D11: 58 | E11: 5 | F11: 62 | G11: 5 | H11: =D11+F11 -> 120 | I11: =IF(H11=0,0,AVERAGE(E11,G11)) -> 5 | J11: =IF(H11=0,0,H11/I11) -> 24 | K11: =IF(#REF!<>0,"Não","") -> #REF! | T11: =C11 -> 45678 | U11: =H11 -> 120 | V11: =I11 -> 5 | W11: =J11 -> 24 | X11: =IF(W11=0," ",IF(W11>1,1,)) -> 1
B12: Qua | C12: =C11+1 -> 45679 | D12: 86 | E12: 7 | F12: 79 | G12: 7 | H12: =D12+F12 -> 165 | I12: =IF(H12=0,0,AVERAGE(E12,G12)) -> 7 | J12: =IF(H12=0,0,H12/I12) -> 23.571429 | K12: =IF(#REF!<>0,"Não","") -> #REF! | T12: =C12 -> 45679 | U12: =H12 -> 165 | V12: =I12 -> 7 | W12: =J12 -> 23.571429 | X12: =IF(W12=0," ",IF(W12>1,1,)) -> 1
B13: Qui | C13: =C12+1 -> 45680 | D13: 88 | E13: 7 | F13: 90 | G13: 7 | H13: =D13+F13 -> 178 | I13: =IF(H13=0,0,AVERAGE(E13,G13)) -> 7 | J13: =IF(H13=0,0,H13/I13) -> 25.428571 | K13: =IF(#REF!<>0,"Não","") -> #REF! | T13: =C13 -> 45680 | U13: =H13 -> 178 | V13: =I13 -> 7 | W13: =J13 -> 25.428571 | X13: =IF(W13=0," ",IF(W13>1,1,)) -> 1
B14: Sex | C14: =C13+1 -> 45681 | D14: 72 | E14: 6 | F14: 50 | G14: 5 | H14: =D14+F14 -> 122 | I14: =IF(H14=0,0,AVERAGE(E14,G14)) -> 5.5 | J14: =IF(H14=0,0,H14/I14) -> 22.181818 | K14: =IF(#REF!<>0,"Não","") -> #REF! | T14: =C14 -> 45681 | U14: =H14 -> 122 | V14: =I14 -> 5.5 | W14: =J14 -> 22.181818 | X14: =IF(W14=0," ",IF(W14>1,1,)) -> 1
B15: SAb | C15: =C14+1 -> 45682 | D15: 37 | E15: 4 | F15: 30 | G15: 4 | H15: =D15+F15 -> 67 | I15: =IF(H15=0,0,AVERAGE(E15,G15)) -> 4 | J15: =IF(H15=0,0,H15/I15) -> 16.75
B16: Total Geral | D16: =SUM(D10:D15) -> 463 | E16: =IF(SUM(E10:E15)=0,0,AVERAGE(E10:E15)) -> 6 | F16: =SUM(F10:F15) -> 391 | G16: =IF(SUM(G10:G15)=0,0,AVERAGE(G10:G15)) -> 5.8333333 | H16: =D16+F16 -> 854 | I16: =IF(H16=0,0,AVERAGE(E16,G16)) -> 5.9166667 | J16: =IF(H16=0,0,H16/I16) -> 144.33803 | U16: =D16+F16 -> 854 | V16: =SUM(V10:V14) -> 31.5 | W16: =SUM(W10:W14) -> 124.03896 | X16: =COUNT(X10:X14) -> 5
W17: =W16/X16 -> 24.807792 | X17: =IF(W16=0,0,W17) -> 24.807792
B18: ='01jan'!B18 -> 9 | C18: ='01jan'!C18 -> 20 | D18: Consertos de Portas
B19: =IF(H28=0,0,IF(H28>=1,W29)) -> 10.377143 | D19: 7:30 a 12:00 | F19: 13:00 a 17:18 | H19: =C22 -> 45677 | L19: =L7 -> Justificativa por não ter conseguido produzir a demanda. Preencher esta coluna quando a coluna ao lado "Faltaram", não estiver com "0"
D20: =D8 -> Prod. | E20: =E8 -> Func. | F20: =D20 -> Prod. | G20: =E20 -> Func. | H20: =H8 -> Qtd. | I20: =I8 -> Méd Func. | J20: =J8 -> Méd. Prod.
B21: =B9 -> Produtividade Média | K21: Não | T21: =T9 -> Data | U21: =U9 -> Qtd. | V21: =V9 -> Méd Func. | W21: =W9 -> Produtividade Diária
B22: =B10 -> Seg | C22: =C10 -> 45677 | D22: 3 | E22: 1 | F22: 3 | G22: 0.5 | H22: =D22+F22 -> 6 | I22: =IF(H22=0,0,AVERAGE(E22,G22)) -> 0.75 | J22: =IF(H22=0,0,H22/I22) -> 8 | K22: =IF(#REF!<>0,"Não","") -> #REF! | T22: =C22 -> 45677 | U22: =H22 -> 6 | V22: =I22 -> 0.75 | W22: =J22 -> 8 | X22: =IF(W22=0," ",IF(W22>1,1,)) -> 1
B23: =B11 -> Ter | C23: =C11 -> 45678 | D23: 5 | E23: 1 | F23: 4 | G23: 0.75 | H23: =D23+F23 -> 9 | I23: =IF(H23=0,0,AVERAGE(E23,G23)) -> 0.875 | J23: =IF(H23=0,0,H23/I23) -> 10.285714 | K23: =IF(#REF!<>0,"Não","") -> #REF! | T23: =C23 -> 45678 | U23: =H23 -> 9 | V23: =I23 -> 0.875 | W23: =J23 -> 10.285714 | X23: =IF(W23=0," ",IF(W23>1,1,)) -> 1
B24: =B12 -> Qua | C24: =C12 -> 45679 | D24: 5 | E24: 0.5 | F24: 2 | G24: 0.5 | H24: =D24+F24 -> 7 | I24: =IF(H24=0,0,AVERAGE(E24,G24)) -> 0.5 | J24: =IF(H24=0,0,H24/I24) -> 14 | K24: =IF(#REF!<>0,"Não","") -> #REF! | T24: =C24 -> 45679 | U24: =H24 -> 7 | V24: =I24 -> 0.5 | W24: =J24 -> 14 | X24: =IF(W24=0," ",IF(W24>1,1,)) -> 1
B25: =B13 -> Qui | C25: =C13 -> 45680 | D25: 2 | E25: 0.5 | F25: 3 | G25: 0.5 | H25: =D25+F25 -> 5 | I25: =IF(H25=0,0,AVERAGE(E25,G25)) -> 0.5 | J25: =IF(H25=0,0,H25/I25) -> 10 | K25: =IF(#REF!<>0,"Não","") -> #REF! | T25: =C25 -> 45680 | U25: =H25 -> 5 | V25: =I25 -> 0.5 | W25: =J25 -> 10 | X25: =IF(W25=0," ",IF(W25>1,1,)) -> 1
B26: =B14 -> Sex | C26: =C14 -> 45681 | D26: 3 | E26: 0.75 | F26: 3 | G26: 0.5 | H26: =D26+F26 -> 6 | I26: =IF(H26=0,0,AVERAGE(E26,G26)) -> 0.625 | J26: =IF(H26=0,0,H26/I26) -> 9.6 | K26: =IF(#REF!<>0,"Não","") -> #REF! | T26: =C26 -> 45681 | U26: =H26 -> 6 | V26: =I26 -> 0.625 | W26: =J26 -> 9.6 | X26: =IF(W26=0," ",IF(W26>1,1,)) -> 1
B27: =B15 -> SAb | C27: =C15 -> 45682 | H27: =D27+F27 -> 0 | I27: =IF(H27=0,0,AVERAGE(E27,G27)) -> 0 | J27: =IF(H27=0,0,H27/I27) -> 0
B28: =B16 -> Total Geral | D28: =SUM(D22:D27) -> 18 | E28: =IF(SUM(E22:E27)=0,0,AVERAGE(E22:E27)) -> 0.75 | F28: =SUM(F22:F27) -> 15 | G28: =IF(SUM(G22:G27)=0,0,AVERAGE(G22:G27)) -> 0.55 | H28: =D28+F28 -> 33 | I28: =AVERAGE(I22:I26) -> 0.65 | J28: =IF(H28=0,0,H28/I28) -> 50.769231 | U28: =D28+F28 -> 33 | V28: =SUM(V22:V26) -> 3.25 | W28: =SUM(W22:W26) -> 51.885714 | X28: =COUNT(X22:X26) -> 5
W29: =W28/X28 -> 10.377143 | X29: =IF(W28=0,0,W29) -> 10.377143
B30: ='01jan'!B30 -> 40 | C30: ='01jan'!C30 -> 45 | D30: Folhas Frisadas
B31: =IF(H40=0,0,IF(H40>=1,W41)) -> 51.59619 | D31: 7:30 a 12:00 | F31: 13:00 a 17:18 | H31: =C34 -> 45677 | L31: =L19 -> Justificativa por não ter conseguido produzir a demanda. Preencher esta coluna quando a coluna ao lado "Faltaram", não estiver com "0"
D32: =D20 -> Prod. | E32: =E20 -> Func. | F32: =D32 -> Prod. | G32: =E32 -> Func. | H32: =H20 -> Qtd. | I32: =I20 -> Méd Func. | J32: =J20 -> Méd. Prod.
B33: Produtividade Média | K33: Não | T33: =T21 -> Data | U33: =U21 -> Qtd. | V33: =V21 -> Méd Func. | W33: =W21 -> Produtividade Diária
B34: =B22 -> Seg | C34: =C10 -> 45677 | D34: 19 | E34: 0.5 | F34: 17 | G34: 0.5 | H34: =D34+F34 -> 36 | I34: =IF(H34=0,0,AVERAGE(E34,G34)) -> 0.5 | J34: =IF(H34=0,0,H34/I34) -> 72 | K34: =IF(#REF!<>0,"Não","") -> #REF! | T34: =C34 -> 45677 | U34: =H34 -> 36 | V34: =I34 -> 0.5 | W34: =J34 -> 72 | X34: =IF(W34=0," ",IF(W34>1,1,)) -> 1
B35: =B23 -> Ter | C35: =C11 -> 45678 | D35: 1 | E35: 0.25 | F35: 15 | G35: 1 | H35: =D35+F35 -> 16 | I35: =IF(H35=0,0,AVERAGE(E35,G35)) -> 0.625 | J35: =IF(H35=0,0,H35/I35) -> 25.6 | K35: =IF(#REF!<>0,"Não","") -> #REF! | L35: 2 horas arrumando o gabarito do friso | T35: =C35 -> 45678 | U35: =H35 -> 16 | V35: =I35 -> 0.625 | W35: =J35 -> 25.6 | X35: =IF(W35=0," ",IF(W35>1,1,)) -> 1
B36: =B24 -> Qua | C36: =C12 -> 45679 | D36: 18 | E36: 0.75 | F36: 27 | G36: 1 | H36: =D36+F36 -> 45 | I36: =IF(H36=0,0,AVERAGE(E36,G36)) -> 0.875 | J36: =IF(H36=0,0,H36/I36) -> 51.428571 | K36: =IF(#REF!<>0,"Não","") -> #REF! | T36: =C36 -> 45679 | U36: =H36 -> 45 | V36: =I36 -> 0.875 | W36: =J36 -> 51.428571 | X36: =IF(W36=0," ",IF(W36>1,1,)) -> 1
B37: =B25 -> Qui | C37: =C13 -> 45680 | D37: 22 | E37: 0.75 | F37: 0 | G37: 0 | H37: =D37+F37 -> 22 | I37: =IF(H37=0,0,AVERAGE(E37,G37)) -> 0.375 | J37: =IF(H37=0,0,H37/I37) -> 58.666667 | K37: =IF(#REF!<>0,"Não","") -> #REF! | T37: =C37 -> 45680 | U37: =H37 -> 22 | V37: =I37 -> 0.375 | W37: =J37 -> 58.666667 | X37: =IF(W37=0," ",IF(W37>1,1,)) -> 1
B38: =B26 -> Sex | C38: =C14 -> 45681 | D38: 21 | E38: 1 | F38: 23 | G38: 0.75 | H38: =D38+F38 -> 44 | I38: =IF(H38=0,0,AVERAGE(E38,G38)) -> 0.875 | J38: =IF(H38=0,0,H38/I38) -> 50.285714 | K38: =IF(#REF!<>0,"Não","") -> #REF! | T38: =C38 -> 45681 | U38: =H38 -> 44 | V38: =I38 -> 0.875 | W38: =J38 -> 50.285714 | X38: =IF(W38=0," ",IF(W38>1,1,)) -> 1
B39: =B27 -> SAb | C39: =C15 -> 45682 | H39: =D39+F39 -> 0 | I39: =IF(H39=0,0,AVERAGE(E39,G39)) -> 0 | J39: =IF(H39=0,0,H39/I39) -> 0
B40: =B28 -> Total Geral | D40: =SUM(D34:D39) -> 81 | E40: =IF(SUM(E34:E39)=0,0,AVERAGE(E34:E39)) -> 0.65 | F40: =SUM(F34:F39) -> 82 | G40: =IF(SUM(G34:G39)=0,0,AVERAGE(G34:G39)) -> 0.65 | H40: =D40+F40 -> 163 | I40: =AVERAGE(I34:I38) -> 0.65 | J40: 0 | U40: =D40+F40 -> 163 | V40: =SUM(V34:V38) -> 3.25 | W40: =SUM(W34:W38) -> 257.98095 | X40: =COUNT(X34:X38) -> 5
W41: =W40/X40 -> 51.59619 | X41: =IF(W40=0,0,W41) -> 51.59619
B42: ='01jan'!B42 -> 10 | C42: ='01jan'!C42 -> 20 | D42: Embalagens
B43: =IF(H52=0,0,IF(H52>1,W53)) -> 42 | D43: 7:30 a 12:00 | F43: 13:00 a 17:18 | H43: =C46 -> 45677 | L43: =L31 -> Justificativa por não ter conseguido produzir a demanda. Preencher esta coluna quando a coluna ao lado "Faltaram", não estiver com "0"
D44: =D32 -> Prod. | E44: =E32 -> Func. | F44: =F32 -> Prod. | G44: =G32 -> Func. | H44: =H32 -> Qtd. | I44: =I32 -> Méd Func. | J44: =J32 -> Méd. Prod.
B45: Produtividade Média | K45: Não | T45: =T33 -> Data | U45: =U33 -> Qtd. | V45: =V33 -> Méd Func. | W45: =W33 -> Produtividade Diária
B46: =B34 -> Seg | C46: =C10 -> 45677 | D46: 12 | E46: 0.5 | F46: 5 | G46: 0.25 | H46: =D46+F46 -> 17 | I46: =IF(H46=0,0,AVERAGE(E46,G46)) -> 0.375 | J46: =IF(H46=0,0,H46/I46) -> 45.333333 | K46: =IF(#REF!<>0,"Não","") -> #REF! | T46: =C46 -> 45677 | U46: =H46 -> 17 | V46: =I46 -> 0.375 | W46: =J46 -> 45.333333 | X46: =IF(W46=0," ",IF(W46>1,1,)) -> 1
B47: =B35 -> Ter | C47: =C11 -> 45678 | D47: 10 | E47: 0.5 | F47: 6 | G47: 0.25 | H47: =D47+F47 -> 16 | I47: =IF(H47=0,0,AVERAGE(E47,G47)) -> 0.375 | J47: =IF(H47=0,0,H47/I47) -> 42.666667 | K47: =IF(#REF!<>0,"Não","") -> #REF! | T47: =C47 -> 45678 | U47: =H47 -> 16 | V47: =I47 -> 0.375 | W47: =J47 -> 42.666667 | X47: =IF(W47=0," ",IF(W47>1,1,)) -> 1
B48: =B36 -> Qua | C48: =C12 -> 45679 | D48: 2 | E48: 0.125 | F48: 0 | G48: 0 | H48: =D48+F48 -> 2 | I48: =IF(H48=0,0,AVERAGE(E48,G48)) -> 0.0625 | J48: =IF(H48=0,0,H48/I48) -> 32 | K48: =IF(#REF!<>0,"Não","") -> #REF! | T48: =C48 -> 45679 | U48: =H48 -> 2 | V48: =I48 -> 0.0625 | W48: =J48 -> 32 | X48: =IF(W48=0," ",IF(W48>1,1,)) -> 1
B49: =B37 -> Qui | C49: =C13 -> 45680 | D49: 0 | E49: 0 | F49: 0 | G49: 0 | H49: =D49+F49 -> 0 | I49: =IF(H49=0,0,AVERAGE(E49,G49)) -> 0 | J49: =IF(H49=0,0,H49/I49) -> 0 | K49: =IF(#REF!<>0,"Não","") -> #REF! | T49: =C49 -> 45680 | U49: =H49 -> 0 | V49: =I49 -> 0 | W49: =J49 -> 0 | X49: =IF(W49=0," ",IF(W49>1,1,))
B50: =B38 -> Sex | C50: =C14 -> 45681 | D50: 12 | E50: 0.5 | F50: 0 | G50: 0 | H50: =D50+F50 -> 12 | I50: =IF(H50=0,0,AVERAGE(E50,G50)) -> 0.25 | J50: =IF(H50=0,0,H50/I50) -> 48 | K50: =IF(#REF!<>0,"Não","") -> #REF! | T50: =C50 -> 45681 | U50: =H50 -> 12 | V50: =I50 -> 0.25 | W50: =J50 -> 48 | X50: =IF(W50=0," ",IF(W50>1,1,)) -> 1
B51: =B39 -> SAb | C51: =C15 -> 45682 | H51: =D51+F51 -> 0 | I51: =IF(H51=0,0,AVERAGE(E51,G51)) -> 0 | J51: =IF(H51=0,0,H51/I51) -> 0
B52: =B40 -> Total Geral | D52: =SUM(D46:D51) -> 36 | E52: =IF(SUM(E46:E51)=0,0,AVERAGE(E46:E51)) -> 0.325 | F52: =SUM(F46:F51) -> 11 | G52: =IF(SUM(G46:G51)=0,0,AVERAGE(G46:G51)) -> 0.1 | H52: =D52+F52 -> 47 | I52: =AVERAGE(E52,G52) -> 0.2125 | J52: =IF(I52=0,0,H52/I52) -> 221.17647 | U52: =D52+F52 -> 47 | V52: =SUM(V46:V50) -> 1.0625 | W52: =SUM(W46:W50) -> 168 | X52: =COUNT(X46:X50) -> 4
W53: =W52/X52 -> 42 | X53: =IF(W52=0,0,W53) -> 42
W54: =#REF!/#REF! -> #REF! | X54: =IF(#REF!=0,0,W54) -> #REF!
B55: ='01jan'!B55 -> 9 | C55: ='01jan'!C55 -> 10 | D55: Portas Pintadas
B56: =IF(H65=0,0,IF(H65>=1,W66)) -> 23.333333 | D56: 7:30 a 12:00 | F56: 13:00 a 17:18 | H56: =C59 -> 45677 | L56: =L43 -> Justificativa por não ter conseguido produzir a demanda. Preencher esta coluna quando a coluna ao lado "Faltaram", não estiver com "0"
D57: =D44 -> Prod. | E57: =E44 -> Func. | F57: =F44 -> Prod. | G57: =G44 -> Func. | H57: =H44 -> Qtd. | I57: =I44 -> Méd Func. | J57: =J44 -> Méd. Prod.
B58: Produtividade Média | K58: Não | T58: =T45 -> Data | U58: =U45 -> Qtd. | V58: =V45 -> Méd Func. | W58: =W45 -> Produtividade Diária
B59: =B46 -> Seg | C59: =C46 -> 45677 | D59: 9 | E59: 1 | F59: 4 | G59: 0.5 | H59: =D59+F59 -> 13 | I59: =IF(H59=0,0,AVERAGE(E59,G59)) -> 0.75 | J59: =IF(H59=0,0,H59/I59) -> 17.333333 | K59: =IF(#REF!<>0,"Não","") -> #REF! | T59: =C59 -> 45677 | U59: =H59 -> 13 | V59: =I59 -> 0.75 | W59: =J59 -> 17.333333 | X59: =IF(W59=0," ",IF(W59>1,1,)) -> 1 | AE59: 175.02 | AG59: =AE59*8 -> 1400.16
B60: =B47 -> Ter | C60: =C47 -> 45678 | D60: 2 | E60: 0.5 | F60: 0 | G60: 0 | H60: =D60+F60 -> 2 | I60: =IF(H60=0,0,AVERAGE(E60,G60)) -> 0.25 | J60: =IF(H60=0,0,H60/I60) -> 8 | K60: =IF(#REF!<>0,"Não","") -> #REF! | T60: =C60 -> 45678 | U60: =H60 -> 2 | V60: =I60 -> 0.25 | W60: =J60 -> 8 | X60: =IF(W60=0," ",IF(W60>1,1,)) -> 1 | AE60: =AE59*6 -> 1050.12
B61: =B48 -> Qua | C61: =C48 -> 45679 | D61: 15 | E61: 0.5 | F61: 0 | G61: 0 | H61: =D61+F61 -> 15 | I61: =IF(H61=0,0,AVERAGE(E61,G61)) -> 0.25 | J61: =IF(H61=0,0,H61/I61) -> 60 | K61: =IF(#REF!<>0,"Não","") -> #REF! | T61: =C61 -> 45679 | U61: =H61 -> 15 | V61: =I61 -> 0.25 | W61: =J61 -> 60 | X61: =IF(W61=0," ",IF(W61>1,1,)) -> 1 | AE61: 7815.11
B62: =B49 -> Qui | C62: =C49 -> 45680 | D62: 3 | E62: 0.5 | F62: 6 | G62: 0.5 | H62: =D62+F62 -> 9 | I62: =IF(H62=0,0,AVERAGE(E62,G62)) -> 0.5 | J62: =IF(H62=0,0,H62/I62) -> 18 | K62: =IF(#REF!<>0,"Não","") -> #REF! | T62: =C62 -> 45680 | U62: =H62 -> 9 | V62: =I62 -> 0.5 | W62: =J62 -> 18 | X62: =IF(W62=0," ",IF(W62>1,1,)) -> 1
B63: =B50 -> Sex | C63: =C50 -> 45681 | D63: 1 | E63: 0.25 | F63: 4 | G63: 0.5 | H63: =D63+F63 -> 5 | I63: =IF(H63=0,0,AVERAGE(E63,G63)) -> 0.375 | J63: =IF(H63=0,0,H63/I63) -> 13.333333 | K63: =IF(#REF!<>0,"Não","") -> #REF! | T63: =C63 -> 45681 | U63: =H63 -> 5 | V63: =I63 -> 0.375 | W63: =J63 -> 13.333333 | X63: =IF(W63=0," ",IF(W63>1,1,)) -> 1 | AE63: =AE60+AE61 -> 8865.23
B64: =B51 -> SAb | C64: =C51 -> 45682 | H64: =D64+F64 -> 0 | I64: =IF(H64=0,0,AVERAGE(E64,G64)) -> 0 | J64: =IF(H64=0,0,H64/I64) -> 0
B65: =B52 -> Total Geral | D65: =SUM(D59:D64) -> 30 | E65: =IF(SUM(E59:E64)=0,0,AVERAGE(E59:E64)) -> 0.55 | F65: =SUM(F59:F64) -> 14 | G65: =IF(SUM(G59:G64)=0,0,AVERAGE(G59:G64)) -> 0.3 | H65: =D65+F65 -> 44 | I65: =AVERAGE(E65,G65) -> 0.425 | J65: =IF(I65=0,0,H65/I65) -> 103.52941 | U65: =D65+F65 -> 44 | V65: =SUM(V59:V63) -> 2.125 | W65: =SUM(W59:W63) -> 116.66667 | X65: =COUNT(X59:X63) -> 5
W66: =W65/X65 -> 23.333333 | X66: =IF(W65=0,0,W66) -> 23.333333
B67: ='01jan'!B67 -> 7 | C67: ='01jan'!C67 -> 10 | D67: Celula M
B68: =IF(H77=0,0,IF(H77>=1,W78)) -> 6.6952381 | D68: 7:30 a 12:00 | F68: 13:00 a 17:18 | H68: 45293 | L68: =L56 -> Justificativa por não ter conseguido produzir a demanda. Preencher esta coluna quando a coluna ao lado "Faltaram", não estiver com "0"
D69: =D57 -> Prod. | E69: =E57 -> Func. | F69: =D69 -> Prod. | G69: =E69 -> Func. | H69: =H57 -> Qtd. | I69: =I57 -> Méd Func. | J69: =J57 -> Méd. Prod.
B70: Produtividade Média | T70: =T58 -> Data | U70: =U58 -> Qtd. | V70: =V58 -> Méd Func. | W70: =W58 -> Produtividade Diária
B71: =B59 -> Seg | C71: =C59 -> 45677 | D71: 2 | E71: 1 | F71: 7 | G71: 1 | H71: =D71+F71 -> 9 | I71: =IF(H71=0,0,AVERAGE(E71,G71)) -> 1 | J71: =IF(H71=0,0,H71/I71) -> 9 | T71: =C71 -> 45677 | U71: =H71 -> 9 | V71: =I71 -> 1 | W71: =J71 -> 9 | X71: =IF(W71=0," ",IF(W71>1,1,)) -> 1
B72: =B60 -> Ter | C72: =C60 -> 45678 | D72: 4 | E72: 1.5 | F72: 5 | G72: 2 | H72: =D72+F72 -> 9 | I72: =IF(H72=0,0,AVERAGE(E72,G72)) -> 1.75 | J72: =IF(H72=0,0,H72/I72) -> 5.1428571 | T72: =C72 -> 45678 | U72: =H72 -> 9 | V72: =I72 -> 1.75 | W72: =J72 -> 5.1428571 | X72: =IF(W72=0," ",IF(W72>1,1,)) -> 1
B73: =B61 -> Qua | C73: =C61 -> 45679 | D73: 0 | E73: 2 | F73: 5 | G73: 1 | H73: =D73+F73 -> 5 | I73: =IF(H73=0,0,AVERAGE(E73,G73)) -> 1.5 | J73: =IF(H73=0,0,H73/I73) -> 3.3333333 | T73: =C73 -> 45679 | U73: =H73 -> 5 | V73: =I73 -> 1.5 | W73: =J73 -> 3.3333333 | X73: =IF(W73=0," ",IF(W73>1,1,)) -> 1
B74: =B62 -> Qui | C74: =C62 -> 45680 | D74: 0 | E74: 1 | F74: 6 | G74: 1 | H74: =D74+F74 -> 6 | I74: =IF(H74=0,0,AVERAGE(E74,G74)) -> 1 | J74: =IF(H74=0,0,H74/I74) -> 6 | T74: =C74 -> 45680 | U74: =H74 -> 6 | V74: =I74 -> 1 | W74: =J74 -> 6 | X74: =IF(W74=0," ",IF(W74>1,1,)) -> 1
B75: =B63 -> Sex | C75: =C63 -> 45681 | D75: 7 | E75: 1 | F75: 3 | G75: 1 | H75: =D75+F75 -> 10 | I75: =IF(H75=0,0,AVERAGE(E75,G75)) -> 1 | J75: =IF(H75=0,0,H75/I75) -> 10 | T75: =C75 -> 45681 | U75: =H75 -> 10 | V75: =I75 -> 1 | W75: =J75 -> 10 | X75: =IF(W75=0," ",IF(W75>1,1,)) -> 1
B76: =B64 -> SAb | C76: =C64 -> 45682 | H76: =D76+F76 -> 0 | I76: =IF(H76=0,0,AVERAGE(E76,G76)) -> 0 | J76: =IF(H76=0,0,H76/I76) -> 0
B77: =B65 -> Total Geral | D77: =SUM(D71:D76) -> 13 | E77: =IF(SUM(E71:E76)=0,0,AVERAGE(E71:E76)) -> 1.3 | F77: =SUM(F71:F76) -> 26 | G77: =IF(SUM(G71:G76)=0,0,AVERAGE(G71:G76)) -> 1.2 | H77: =D77+F77 -> 39 | I77: =AVERAGE(E77,G77) -> 1.25 | J77: =IF(I77=0,0,H77/I77) -> 31.2 | U77: =D77+F77 -> 39 | V77: =SUM(V71:V75) -> 6.25 | W77: =SUM(W71:W75) -> 33.47619 | X77: =COUNT(X71:X75) -> 5
W78: =W77/X77 -> 6.6952381 | X78: =IF(W77=0,0,W78) -> 6.6952381
B80: Servicos Diversos | AI80: MARÇO
B81: =B71 -> Seg | C81: =C22 -> 45677 | AI81: ABRIL
B82: =B72 -> Ter | C82: =C23 -> 45678 | AI82: MAIO
B83: =B73 -> Qua | C83: =C24 -> 45679 | AI83: JUNHO
B84: =B74 -> Qui | C84: =C25 -> 45680 | AI84: JULHO
B85: =B75 -> Sex | C85: =C26 -> 45681 | AI85: AGOSTO
B86: =B76 -> SAb | C86: =C27 -> 45682 | AI86: SETEMBRO
AI87: OUTUBRO
AI88: NOVEMBRO
AI89: DEZEMBRO

Sheet 27jan
M2: =TODAY() -> 46034 | W2: 29
B6: ='01jan'!B6 -> 31 | C6: ='01jan'!C6 -> 32 | D6: Celula A
B7: =IF(H16=0,0,IF(H16>=1,W17)) -> 28.256331 | D7: 7:30 a 12:00 | F7: 13:00 a 17:18 | H7: =C10 -> 45684 | L7: Justificativa por não ter conseguido produzir a demanda. Preencher esta coluna quando a coluna ao lado "Faltaram", não estiver com "0"
D8: Prod. | E8: Func. | F8: =D8 -> Prod. | G8: =E8 -> Func. | H8: Qtd. | I8: Méd Func. | J8: Méd. Prod.
B9: Produtividade Média | K9: Não | T9: Data | U9: =H8 -> Qtd. | V9: =I8 -> Méd Func. | W9: Produtividade Diária
B10: Seg | C10: ='20jan'!C15+2 -> 45684 | D10: 49 | E10: 6.5 | F10: 138 | G10: 6.5 | H10: =D10+F10 -> 187 | I10: =IF(H10=0,0,AVERAGE(E10,G10)) -> 6.5 | J10: =IF(H10=0,0,H10/I10) -> 28.769231 | K10: =IF(#REF!<>0,"Não","") -> #REF! | T10: =C10 -> 45684 | U10: =H10 -> 187 | V10: =I10 -> 6.5 | W10: =J10 -> 28.769231 | X10: =IF(W10=0," ",IF(W10>1,1,)) -> 1
B11: Ter | C11: =C10+1 -> 45685 | D11: 68 | E11: 4 | F11: 78 | G11: 6.5 | H11: =D11+F11 -> 146 | I11: =IF(H11=0,0,AVERAGE(E11,G11)) -> 5.25 | J11: =IF(H11=0,0,H11/I11) -> 27.809524 | K11: =IF(#REF!<>0,"Não","") -> #REF! | T11: =C11 -> 45685 | U11: =H11 -> 146 | V11: =I11 -> 5.25 | W11: =J11 -> 27.809524 | X11: =IF(W11=0," ",IF(W11>1,1,)) -> 1
B12: Qua | C12: =C11+1 -> 45686 | D12: 68 | E12: 6 | F12: 75 | G12: 5.5 | H12: =D12+F12 -> 143 | I12: =IF(H12=0,0,AVERAGE(E12,G12)) -> 5.75 | J12: =IF(H12=0,0,H12/I12) -> 24.869565 | K12: =IF(#REF!<>0,"Não","") -> #REF! | T12: =C12 -> 45686 | U12: =H12 -> 143 | V12: =I12 -> 5.75 | W12: =J12 -> 24.869565 | X12: =IF(W12=0," ",IF(W12>1,1,)) -> 1
B13: Qui | C13: =C12+1 -> 45687 | D13: 87 | E13: 6 | F13: 87 | G13: 6 | H13: =D13+F13 -> 174 | I13: =IF(H13=0,0,AVERAGE(E13,G13)) -> 6 | J13: =IF(H13=0,0,H13/I13) -> 29 | K13: =IF(#REF!<>0,"Não","") -> #REF! | T13: =C13 -> 45687 | U13: =H13 -> 174 | V13: =I13 -> 6 | W13: =J13 -> 29 | X13: =IF(W13=0," ",IF(W13>1,1,)) -> 1
B14: Sex | C14: =C13+1 -> 45688 | D14: 81 | E14: 6 | F14: 104 | G14: 6 | H14: =D14+F14 -> 185 | I14: =IF(H14=0,0,AVERAGE(E14,G14)) -> 6 | J14: =IF(H14=0,0,H14/I14) -> 30.833333 | K14: =IF(#REF!<>0,"Não","") -> #REF! | T14: =C14 -> 45688 | U14: =H14 -> 185 | V14: =I14 -> 6 | W14: =J14 -> 30.833333 | X14: =IF(W14=0," ",IF(W14>1,1,)) -> 1
B15: SAb | C15: =C14+1 -> 45689 | H15: =D15+F15 -> 0 | I15: =IF(H15=0,0,AVERAGE(E15,G15)) -> 0 | J15: =IF(H15=0,0,H15/I15) -> 0
B16: Total Geral | D16: =SUM(D10:D15) -> 353 | E16: =IF(SUM(E10:E15)=0,0,AVERAGE(E10:E15)) -> 5.7 | F16: =SUM(F10:F15) -> 482 | G16: =IF(SUM(G10:G15)=0,0,AVERAGE(G10:G15)) -> 6.1 | H16: =D16+F16 -> 835 | I16: =IF(H16=0,0,AVERAGE(E16,G16)) -> 5.9 | J16: =IF(H16=0,0,H16/I16) -> 141.52542 | U16: =D16+F16 -> 835 | V16: =SUM(V10:V14) -> 29.5 | W16: =SUM(W10:W14) -> 141.28165 | X16: =COUNT(X10:X14) -> 5
W17: =W16/X16 -> 28.256331 | X17: =IF(W16=0,0,W17) -> 28.256331
B18: ='01jan'!B18 -> 9 | C18: ='01jan'!C18 -> 20 | D18: Consertos de Portas
B19: =IF(H28=0,0,IF(H28>=1,W29)) -> 11.300202 | D19: 7:30 a 12:00 | F19: 13:00 a 17:18 | H19: =C22 -> 45684 | L19: =L7 -> Justificativa por não ter conseguido produzir a demanda. Preencher esta coluna quando a coluna ao lado "Faltaram", não estiver com "0"
D20: =D8 -> Prod. | E20: =E8 -> Func. | F20: =D20 -> Prod. | G20: =E20 -> Func. | H20: =H8 -> Qtd. | I20: =I8 -> Méd Func. | J20: =J8 -> Méd. Prod.
B21: =B9 -> Produtividade Média | K21: Não | T21: =T9 -> Data | U21: =U9 -> Qtd. | V21: =V9 -> Méd Func. | W21: =W9 -> Produtividade Diária
B22: =B10 -> Seg | C22: =C10 -> 45684 | D22: 13 | E22: 1.5 | F22: 6 | G22: 0.75 | H22: =D22+F22 -> 19 | I22: =IF(H22=0,0,AVERAGE(E22,G22)) -> 1.125 | J22: =IF(H22=0,0,H22/I22) -> 16.888889 | K22: =IF(#REF!<>0,"Não","") -> #REF! | T22: =C22 -> 45684 | U22: =H22 -> 19 | V22: =I22 -> 1.125 | W22: =J22 -> 16.888889 | X22: =IF(W22=0," ",IF(W22>1,1,)) -> 1
B23: =B11 -> Ter | C23: =C11 -> 45685 | D23: 2 | E23: 0.5 | F23: 6 | G23: 0.75 | H23: =D23+F23 -> 8 | I23: =IF(H23=0,0,AVERAGE(E23,G23)) -> 0.625 | J23: =IF(H23=0,0,H23/I23) -> 12.8 | K23: =IF(#REF!<>0,"Não","") -> #REF! | T23: =C23 -> 45685 | U23: =H23 -> 8 | V23: =I23 -> 0.625 | W23: =J23 -> 12.8 | X23: =IF(W23=0," ",IF(W23>1,1,)) -> 1
B24: =B12 -> Qua | C24: =C12 -> 45686 | D24: 3 | E24: 0.5 | F24: 3 | G24: 0.75 | H24: =D24+F24 -> 6 | I24: =IF(H24=0,0,AVERAGE(E24,G24)) -> 0.625 | J24: =IF(H24=0,0,H24/I24) -> 9.6 | K24: =IF(#REF!<>0,"Não","") -> #REF! | T24: =C24 -> 45686 | U24: =H24 -> 6 | V24: =I24 -> 0.625 | W24: =J24 -> 9.6 | X24: =IF(W24=0," ",IF(W24>1,1,)) -> 1
B25: =B13 -> Qui | C25: =C13 -> 45687 | D25: 4 | E25: 1.75 | F25: 5 | G25: 1 | H25: =D25+F25 -> 9 | I25: =IF(H25=0,0,AVERAGE(E25,G25)) -> 1.375 | J25: =IF(H25=0,0,H25/I25) -> 6.5454545 | K25: =IF(#REF!<>0,"Não","") -> #REF! | T25: =C25 -> 45687 | U25: =H25 -> 9 | V25: =I25 -> 1.375 | W25: =J25 -> 6.5454545 | X25: =IF(W25=0," ",IF(W25>1,1,)) -> 1
B26: =B14 -> Sex | C26: =C14 -> 45688 | D26: 4 | E26: 0.5 | F26: 4 | G26: 1 | H26: =D26+F26 -> 8 | I26: =IF(H26=0,0,AVERAGE(E26,G26)) -> 0.75 | J26: =IF(H26=0,0,H26/I26) -> 10.666667 | K26: =IF(#REF!<>0,"Não","") -> #REF! | T26: =C26 -> 45688 | U26: =H26 -> 8 | V26: =I26 -> 0.75 | W26: =J26 -> 10.666667 | X26: =IF(W26=0," ",IF(W26>1,1,)) -> 1
B27: =B15 -> SAb | C27: =C15 -> 45689 | H27: =D27+F27 -> 0 | I27: =IF(H27=0,0,AVERAGE(E27,G27)) -> 0 | J27: =IF(H27=0,0,H27/I27) -> 0
B28: =B16 -> Total Geral | D28: =SUM(D22:D27) -> 26 | E28: =IF(SUM(E22:E27)=0,0,AVERAGE(E22:E27)) -> 0.95 | F28: =SUM(F22:F27) -> 24 | G28: =IF(SUM(G22:G27)=0,0,AVERAGE(G22:G27)) -> 0.85 | H28: =D28+F28 -> 50 | I28: =AVERAGE(I22:I26) -> 0.9 | J28: =IF(H28=0,0,H28/I28) -> 55.555556 | U28: =D28+F28 -> 50 | V28: =SUM(V22:V26) -> 4.5 | W28: =SUM(W22:W26) -> 56.50101 | X28: =COUNT(X22:X26) -> 5
W29: =W28/X28 -> 11.300202 | X29: =IF(W28=0,0,W29) -> 11.300202
B30: ='01jan'!B30 -> 40 | C30: ='01jan'!C30 -> 45 | D30: Folhas Frisadas
B31: =IF(H40=0,0,IF(H40>=1,W41)) -> 57.8 | D31: 7:30 a 12:00 | F31: 13:00 a 17:18 | H31: 45293 | L31: =L19 -> Justificativa por não ter conseguido produzir a demanda. Preencher esta coluna quando a coluna ao lado "Faltaram", não estiver com "0"
D32: =D20 -> Prod. | E32: =E20 -> Func. | F32: =D32 -> Prod. | G32: =E32 -> Func. | H32: =H20 -> Qtd. | I32: =I20 -> Méd Func. | J32: =J20 -> Méd. Prod.
B33: Produtividade Média | K33: Não | T33: =T21 -> Data | U33: =U21 -> Qtd. | V33: =V21 -> Méd Func. | W33: =W21 -> Produtividade Diária
B34: =B22 -> Seg | C34: =C10 -> 45684 | D34: 25 | E34: 1 | F34: 24 | G34: 0.75 | H34: =D34+F34 -> 49 | I34: =IF(H34=0,0,AVERAGE(E34,G34)) -> 0.875 | J34: =IF(H34=0,0,H34/I34) -> 56 | K34: =IF(#REF!<>0,"Não","") -> #REF! | T34: =C34 -> 45684 | U34: =H34 -> 49 | V34: =I34 -> 0.875 | W34: =J34 -> 56 | X34: =IF(W34=0," ",IF(W34>1,1,)) -> 1
B35: =B23 -> Ter | C35: =C11 -> 45685 | D35: 5 | E35: 0.25 | F35: 6 | G35: 0.25 | H35: =D35+F35 -> 11 | I35: =IF(H35=0,0,AVERAGE(E35,G35)) -> 0.25 | J35: =IF(H35=0,0,H35/I35) -> 44 | K35: =IF(#REF!<>0,"Não","") -> #REF! | T35: =C35 -> 45685 | U35: =H35 -> 11 | V35: =I35 -> 0.25 | W35: =J35 -> 44 | X35: =IF(W35=0," ",IF(W35>1,1,)) -> 1
B36: =B24 -> Qua | C36: =C12 -> 45686 | D36: 25 | E36: 1 | F36: 35 | G36: 1 | H36: =D36+F36 -> 60 | I36: =IF(H36=0,0,AVERAGE(E36,G36)) -> 1 | J36: =IF(H36=0,0,H36/I36) -> 60 | K36: =IF(#REF!<>0,"Não","") -> #REF! | T36: =C36 -> 45686 | U36: =H36 -> 60 | V36: =I36 -> 1 | W36: =J36 -> 60 | X36: =IF(W36=0," ",IF(W36>1,1,)) -> 1
B37: =B25 -> Qui | C37: =C13 -> 45687 | D37: 41 | E37: 1 | F37: 40 | G37: 1 | H37: =D37+F37 -> 81 | I37: =IF(H37=0,0,AVERAGE(E37,G37)) -> 1 | J37: =IF(H37=0,0,H37/I37) -> 81 | K37: =IF(#REF!<>0,"Não","") -> #REF! | T37: =C37 -> 45687 | U37: =H37 -> 81 | V37: =I37 -> 1 | W37: =J37 -> 81 | X37: =IF(W37=0," ",IF(W37>1,1,)) -> 1
B38: =B26 -> Sex | C38: =C14 -> 45688 | D38: 12 | E38: 0.75 | F38: 30 | G38: 1 | H38: =D38+F38 -> 42 | I38: =IF(H38=0,0,AVERAGE(E38,G38)) -> 0.875 | J38: =IF(H38=0,0,H38/I38) -> 48 | K38: =IF(#REF!<>0,"Não","") -> #REF! | T38: =C38 -> 45688 | U38: =H38 -> 42 | V38: =I38 -> 0.875 | W38: =J38 -> 48 | X38: =IF(W38=0," ",IF(W38>1,1,)) -> 1
B39: =B27 -> SAb | C39: =C15 -> 45689 | H39: =D39+F39 -> 0 | I39: =IF(H39=0,0,AVERAGE(E39,G39)) -> 0 | J39: =IF(H39=0,0,H39/I39) -> 0
B40: =B28 -> Total Geral | D40: =SUM(D34:D39) -> 108 | E40: =IF(SUM(E34:E39)=0,0,AVERAGE(E34:E39)) -> 0.8 | F40: =SUM(F34:F39) -> 135 | G40: =IF(SUM(G34:G39)=0,0,AVERAGE(G34:G39)) -> 0.8 | H40: =D40+F40 -> 243 | I40: =AVERAGE(I34:I38) -> 0.8 | J40: 0 | U40: =D40+F40 -> 243 | V40: =SUM(V34:V38) -> 4 | W40: =SUM(W34:W38) -> 289 | X40: =COUNT(X34:X38) -> 5
W41: =W40/X40 -> 57.8 | X41: =IF(W40=0,0,W41) -> 57.8
B42: ='01jan'!B42 -> 10 | C42: ='01jan'!C42 -> 20 | D42: Embalagens
B43: =IF(H52=0,0,IF(H52>1,W53)) -> 49.28 | D43: 7:30 a 12:00 | F43: 13:00 a 17:18 | H43: 45293 | L43: =L31 -> Justificativa por não ter conseguido produzir a demanda. Preencher esta coluna quando a coluna ao lado "Faltaram", não estiver com "0"
D44: =D32 -> Prod. | E44: =E32 -> Func. | F44: =F32 -> Prod. | G44: =G32 -> Func. | H44: =H32 -> Qtd. | I44: =I32 -> Méd Func. | J44: =J32 -> Méd. Prod.
B45: Produtividade Média | K45: Não | T45: =T33 -> Data | U45: =U33 -> Qtd. | V45: =V33 -> Méd Func. | W45: =W33 -> Produtividade Diária
B46: =B34 -> Seg | C46: =C10 -> 45684 | D46: 6 | E46: 0.25 | F46: 0 | G46: 0 | H46: =D46+F46 -> 6 | I46: =IF(H46=0,0,AVERAGE(E46,G46)) -> 0.125 | J46: =IF(H46=0,0,H46/I46) -> 48 | K46: =IF(#REF!<>0,"Não","") -> #REF! | T46: =C46 -> 45684 | U46: =H46 -> 6 | V46: =I46 -> 0.125 | W46: =J46 -> 48 | X46: =IF(W46=0," ",IF(W46>1,1,)) -> 1
B47: =B35 -> Ter | C47: =C11 -> 45685 | D47: 5 | E47: 0.5 | F47: 9 | G47: 0.75 | H47: =D47+F47 -> 14 | I47: =IF(H47=0,0,AVERAGE(E47,G47)) -> 0.625 | J47: =IF(H47=0,0,H47/I47) -> 22.4 | K47: =IF(#REF!<>0,"Não","") -> #REF! | T47: =C47 -> 45685 | U47: =H47 -> 14 | V47: =I47 -> 0.625 | W47: =J47 -> 22.4 | X47: =IF(W47=0," ",IF(W47>1,1,)) -> 1
B48: =B36 -> Qua | C48: =C12 -> 45686 | D48: 9 | E48: 0.25 | F48: 5 | G48: 0.25 | H48: =D48+F48 -> 14 | I48: =IF(H48=0,0,AVERAGE(E48,G48)) -> 0.25 | J48: =IF(H48=0,0,H48/I48) -> 56 | K48: =IF(#REF!<>0,"Não","") -> #REF! | T48: =C48 -> 45686 | U48: =H48 -> 14 | V48: =I48 -> 0.25 | W48: =J48 -> 56 | X48: =IF(W48=0," ",IF(W48>1,1,)) -> 1
B49: =B37 -> Qui | C49: =C13 -> 45687 | D49: 0 | E49: 0 | F49: 10 | G49: 0.25 | H49: =D49+F49 -> 10 | I49: =IF(H49=0,0,AVERAGE(E49,G49)) -> 0.125 | J49: =IF(H49=0,0,H49/I49) -> 80 | K49: =IF(#REF!<>0,"Não","") -> #REF! | T49: =C49 -> 45687 | U49: =H49 -> 10 | V49: =I49 -> 0.125 | W49: =J49 -> 80 | X49: =IF(W49=0," ",IF(W49>1,1,)) -> 1
B50: =B38 -> Sex | C50: =C14 -> 45688 | D50: 8 | E50: 0.5 | F50: 22 | G50: 1 | H50: =D50+F50 -> 30 | I50: =IF(H50=0,0,AVERAGE(E50,G50)) -> 0.75 | J50: =IF(H50=0,0,H50/I50) -> 40 | K50: =IF(#REF!<>0,"Não","") -> #REF! | T50: =C50 -> 45688 | U50: =H50 -> 30 | V50: =I50 -> 0.75 | W50: =J50 -> 40 | X50: =IF(W50=0," ",IF(W50>1,1,)) -> 1
B51: =B39 -> SAb | C51: =C15 -> 45689 | H51: =D51+F51 -> 0 | I51: =IF(H51=0,0,AVERAGE(E51,G51)) -> 0 | J51: =IF(H51=0,0,H51/I51) -> 0
B52: =B40 -> Total Geral | D52: =SUM(D46:D51) -> 28 | E52: =IF(SUM(E46:E51)=0,0,AVERAGE(E46:E51)) -> 0.3 | F52: =SUM(F46:F51) -> 46 | G52: =IF(SUM(G46:G51)=0,0,AVERAGE(G46:G51)) -> 0.45 | H52: =D52+F52 -> 74 | I52: =AVERAGE(E52,G52) -> 0.375 | J52: =IF(I52=0,0,H52/I52) -> 197.33333 | U52: =D52+F52 -> 74 | V52: =SUM(V46:V50) -> 1.875 | W52: =SUM(W46:W50) -> 246.4 | X52: =COUNT(X46:X50) -> 5
W53: =W52/X52 -> 49.28 | X53: =IF(W52=0,0,W53) -> 49.28
W54: =#REF!/#REF! -> #REF! | X54: =IF(#REF!=0,0,W54) -> #REF!
B55: ='01jan'!B55 -> 9 | C55: ='01jan'!C55 -> 10 | D55: Portas Pintadas
B56: =IF(H65=0,0,IF(H65>=1,W66)) -> 12.16 | D56: 7:30 a 12:00 | F56: 13:00 a 17:18 | H56: 45293 | L56: =L43 -> Justificativa por não ter conseguido produzir a demanda. Preencher esta coluna quando a coluna ao lado "Faltaram", não estiver com "0"
D57: =D44 -> Prod. | E57: =E44 -> Func. | F57: =F44 -> Prod. | G57: =G44 -> Func. | H57: =H44 -> Qtd. | I57: =I44 -> Méd Func. | J57: =J44 -> Méd. Prod.
B58: Produtividade Média | K58: Não | T58: =T45 -> Data | U58: =U45 -> Qtd. | V58: =V45 -> Méd Func. | W58: =W45 -> Produtividade Diária
B59: =B46 -> Seg | C59: =C46 -> 45684 | D59: 0 | E59: 0 | F59: 2 | G59: 0.25 | H59: =D59+F59 -> 2 | I59: =IF(H59=0,0,AVERAGE(E59,G59)) -> 0.125 | J59: =IF(H59=0,0,H59/I59) -> 16 | K59: =IF(#REF!<>0,"Não","") -> #REF! | T59: =C59 -> 45684 | U59: =H59 -> 2 | V59: =I59 -> 0.125 | W59: =J59 -> 16 | X59: =IF(W59=0," ",IF(W59>1,1,)) -> 1 | AE59: 175.02 | AG59: =AE59*8 -> 1400.16
B60: =B47 -> Ter | C60: =C47 -> 45685 | D60: 2 | E60: 0.5 | F60: 2 | G60: 0.25 | H60: =D60+F60 -> 4 | I60: =IF(H60=0,0,AVERAGE(E60,G60)) -> 0.375 | J60: =IF(H60=0,0,H60/I60) -> 10.666667 | K60: =IF(#REF!<>0,"Não","") -> #REF! | T60: =C60 -> 45685 | U60: =H60 -> 4 | V60: =I60 -> 0.375 | W60: =J60 -> 10.666667 | X60: =IF(W60=0," ",IF(W60>1,1,)) -> 1 | AE60: =AE59*6 -> 1050.12
B61: =B48 -> Qua | C61: =C48 -> 45686 | D61: 4 | E61: 0.5 | F61: 1 | G61: 0.25 | H61: =D61+F61 -> 5 | I61: =IF(H61=0,0,AVERAGE(E61,G61)) -> 0.375 | J61: =IF(H61=0,0,H61/I61) -> 13.333333 | K61: =IF(#REF!<>0,"Não","") -> #REF! | T61: =C61 -> 45686 | U61: =H61 -> 5 | V61: =I61 -> 0.375 | W61: =J61 -> 13.333333 | X61: =IF(W61=0," ",IF(W61>1,1,)) -> 1 | AE61: 7815.11
B62: =B49 -> Qui | C62: =C49 -> 45687 | D62: 2 | E62: 0.75 | F62: 3 | G62: 0.5 | H62: =D62+F62 -> 5 | I62: =IF(H62=0,0,AVERAGE(E62,G62)) -> 0.625 | J62: =IF(H62=0,0,H62/I62) -> 8 | K62: =IF(#REF!<>0,"Não","") -> #REF! | T62: =C62 -> 45687 | U62: =H62 -> 5 | V62: =I62 -> 0.625 | W62: =J62 -> 8 | X62: =IF(W62=0," ",IF(W62>1,1,)) -> 1
B63: =B50 -> Sex | C63: =C50 -> 45688 | D63: 5 | E63: 0.75 | F63: 3 | G63: 0.5 | H63: =D63+F63 -> 8 | I63: =IF(H63=0,0,AVERAGE(E63,G63)) -> 0.625 | J63: =IF(H63=0,0,H63/I63) -> 12.8 | K63: =IF(#REF!<>0,"Não","") -> #REF! | T63: =C63 -> 45688 | U63: =H63 -> 8 | V63: =I63 -> 0.625 | W63: =J63 -> 12.8 | X63: =IF(W63=0," ",IF(W63>1,1,)) -> 1 | AE63: =AE60+AE61 -> 8865.23
B64: =B51 -> SAb | C64: =C51 -> 45689 | H64: =D64+F64 -> 0 | I64: =IF(H64=0,0,AVERAGE(E64,G64)) -> 0 | J64: =IF(H64=0,0,H64/I64) -> 0
B65: =B52 -> Total Geral | D65: =SUM(D59:D64) -> 13 | E65: =IF(SUM(E59:E64)=0,0,AVERAGE(E59:E64)) -> 0.5 | F65: =SUM(F59:F64) -> 11 | G65: =IF(SUM(G59:G64)=0,0,AVERAGE(G59:G64)) -> 0.35 | H65: =D65+F65 -> 24 | I65: =AVERAGE(E65,G65) -> 0.425 | J65: =IF(I65=0,0,H65/I65) -> 56.470588 | U65: =D65+F65 -> 24 | V65: =SUM(V59:V63) -> 2.125 | W65: =SUM(W59:W63) -> 60.8 | X65: =COUNT(X59:X63) -> 5
W66: =W65/X65 -> 12.16 | X66: =IF(W65=0,0,W66) -> 12.16
B67: ='01jan'!B67 -> 7 | C67: ='01jan'!C67 -> 10 | D67: Celula M
B68: =IF(H77=0,0,IF(H77>=1,W78)) -> 8.4 | D68: 7:30 a 12:00 | F68: 13:00 a 17:18 | H68: 45293 | L68: =L56 -> Justificativa por não ter conseguido produzir a demanda. Preencher esta coluna quando a coluna ao lado "Faltaram", não estiver com "0"
D69: =D57 -> Prod. | E69: =E57 -> Func. | F69: =D69 -> Prod. | G69: =E69 -> Func. | H69: =H57 -> Qtd. | I69: =I57 -> Méd Func. | J69: =J57 -> Méd. Prod.
B70: Produtividade Média | T70: =T58 -> Data | U70: =U58 -> Qtd. | V70: =V58 -> Méd Func. | W70: =W58 -> Produtividade Diária
B71: =B59 -> Seg | C71: =C59 -> 45684 | D71: 6 | E71: 1 | F71: 0 | G71: 1 | H71: =D71+F71 -> 6 | I71: =IF(H71=0,0,AVERAGE(E71,G71)) -> 1 | J71: =IF(H71=0,0,H71/I71) -> 6 | T71: =C71 -> 45684 | U71: =H71 -> 6 | V71: =I71 -> 1 | W71: =J71 -> 6 | X71: =IF(W71=0," ",IF(W71>1,1,)) -> 1
B72: =B60 -> Ter | C72: =C60 -> 45685 | D72: 8 | E72: 1 | F72: 6 | G72: 1 | H72: =D72+F72 -> 14 | I72: =IF(H72=0,0,AVERAGE(E72,G72)) -> 1 | J72: =IF(H72=0,0,H72/I72) -> 14 | T72: =C72 -> 45685 | U72: =H72 -> 14 | V72: =I72 -> 1 | W72: =J72 -> 14 | X72: =IF(W72=0," ",IF(W72>1,1,)) -> 1
B73: =B61 -> Qua | C73: =C61 -> 45686 | D73: 4 | E73: 1 | F73: 2 | G73: 1 | H73: =D73+F73 -> 6 | I73: =IF(H73=0,0,AVERAGE(E73,G73)) -> 1 | J73: =IF(H73=0,0,H73/I73) -> 6 | T73: =C73 -> 45686 | U73: =H73 -> 6 | V73: =I73 -> 1 | W73: =J73 -> 6 | X73: =IF(W73=0," ",IF(W73>1,1,)) -> 1
B74: =B62 -> Qui | C74: =C62 -> 45687 | D74: 5 | E74: 1 | F74: 9 | G74: 1 | H74: =D74+F74 -> 14 | I74: =IF(H74=0,0,AVERAGE(E74,G74)) -> 1 | J74: =IF(H74=0,0,H74/I74) -> 14 | T74: =C74 -> 45687 | U74: =H74 -> 14 | V74: =I74 -> 1 | W74: =J74 -> 14 | X74: =IF(W74=0," ",IF(W74>1,1,)) -> 1
B75: =B63 -> Sex | C75: =C63 -> 45688 | D75: 1 | E75: 1 | F75: 1 | G75: 1 | H75: =D75+F75 -> 2 | I75: =IF(H75=0,0,AVERAGE(E75,G75)) -> 1 | J75: =IF(H75=0,0,H75/I75) -> 2 | T75: =C75 -> 45688 | U75: =H75 -> 2 | V75: =I75 -> 1 | W75: =J75 -> 2 | X75: =IF(W75=0," ",IF(W75>1,1,)) -> 1
B76: =B64 -> SAb | C76: =C64 -> 45689 | H76: =D76+F76 -> 0 | I76: =IF(H76=0,0,AVERAGE(E76,G76)) -> 0 | J76: =IF(H76=0,0,H76/I76) -> 0
B77: =B65 -> Total Geral | D77: =SUM(D71:D76) -> 24 | E77: =IF(SUM(E71:E76)=0,0,AVERAGE(E71:E76)) -> 1 | F77: =SUM(F71:F76) -> 18 | G77: =IF(SUM(G71:G76)=0,0,AVERAGE(G71:G76)) -> 1 | H77: =D77+F77 -> 42 | I77: =AVERAGE(E77,G77) -> 1 | J77: =IF(I77=0,0,H77/I77) -> 42 | U77: =D77+F77 -> 42 | V77: =SUM(V71:V75) -> 5 | W77: =SUM(W71:W75) -> 42 | X77: =COUNT(X71:X75) -> 5
W78: =W77/X77 -> 8.4 | X78: =IF(W77=0,0,W78) -> 8.4
B80: Servicos Diversos | AI80: MARÇO
B81: =B71 -> Seg | C81: =C22 -> 45684 | AI81: ABRIL
B82: =B72 -> Ter | C82: =C23 -> 45685 | AI82: MAIO
B83: =B73 -> Qua | C83: =C24 -> 45686 | AI83: JUNHO
B84: =B74 -> Qui | C84: =C25 -> 45687 | AI84: JULHO
B85: =B75 -> Sex | C85: =C26 -> 45688 | AI85: AGOSTO
B86: =B76 -> SAb | C86: =C27 -> 45689 | AI86: SETEMBRO
AI87: OUTUBRO
AI88: NOVEMBRO
AI89: DEZEMBRO

Sheet 03fev
M2: =TODAY() -> 46034 | W2: 29
B6: ='01jan'!B6 -> 31 | C6: ='01jan'!C6 -> 32 | D6: Celula A
B7: =IF(H16=0,0,IF(H16>=1,W17)) -> 25.909263 | D7: 7:30 a 12:00 | F7: 13:00 a 17:18 | H7: =C10 -> 45691 | L7: Justificativa por não ter conseguido produzir a demanda. Preencher esta coluna quando a coluna ao lado "Faltaram", não estiver com "0"
D8: Prod. | E8: Func. | F8: =D8 -> Prod. | G8: =E8 -> Func. | H8: Qtd. | I8: Méd Func. | J8: Méd. Prod.
B9: Produtividade Média | K9: Não | T9: Data | U9: =H8 -> Qtd. | V9: =I8 -> Méd Func. | W9: Produtividade Diária
B10: Seg | C10: ='27jan'!C15+2 -> 45691 | D10: 62 | E10: 5.5 | F10: 42 | G10: 5 | H10: =D10+F10 -> 104 | I10: =IF(H10=0,0,AVERAGE(E10,G10)) -> 5.25 | J10: =IF(H10=0,0,H10/I10) -> 19.809524 | K10: =IF(#REF!<>0,"Não","") -> #REF! | T10: =C10 -> 45691 | U10: =H10 -> 104 | V10: =I10 -> 5.25 | W10: =J10 -> 19.809524 | X10: =IF(W10=0," ",IF(W10>1,1,)) -> 1
B11: Ter | C11: =C10+1 -> 45692 | D11: 153 | E11: 8 | F11: 47 | G11: 8 | H11: =D11+F11 -> 200 | I11: =IF(H11=0,0,AVERAGE(E11,G11)) -> 8 | J11: =IF(H11=0,0,H11/I11) -> 25 | K11: =IF(#REF!<>0,"Não","") -> #REF! | T11: =C11 -> 45692 | U11: =H11 -> 200 | V11: =I11 -> 8 | W11: =J11 -> 25 | X11: =IF(W11=0," ",IF(W11>1,1,)) -> 1
B12: Qua | C12: =C11+1 -> 45693 | D12: 81 | E12: 5.5 | F12: 80 | G12: 5 | H12: =D12+F12 -> 161 | I12: =IF(H12=0,0,AVERAGE(E12,G12)) -> 5.25 | J12: =IF(H12=0,0,H12/I12) -> 30.666667 | K12: =IF(#REF!<>0,"Não","") -> #REF! | T12: =C12 -> 45693 | U12: =H12 -> 161 | V12: =I12 -> 5.25 | W12: =J12 -> 30.666667 | X12: =IF(W12=0," ",IF(W12>1,1,)) -> 1
B13: Qui | C13: =C12+1 -> 45694 | D13: 70 | E13: 5.5 | F13: 94 | G13: 6 | H13: =D13+F13 -> 164 | I13: =IF(H13=0,0,AVERAGE(E13,G13)) -> 5.75 | J13: =IF(H13=0,0,H13/I13) -> 28.521739 | K13: =IF(#REF!<>0,"Não","") -> #REF! | T13: =C13 -> 45694 | U13: =H13 -> 164 | V13: =I13 -> 5.75 | W13: =J13 -> 28.521739 | X13: =IF(W13=0," ",IF(W13>1,1,)) -> 1
B14: Sex | C14: =C13+1 -> 45695 | D14: 98 | E14: 7.5 | F14: 100 | G14: 8 | H14: =D14+F14 -> 198 | I14: =IF(H14=0,0,AVERAGE(E14,G14)) -> 7.75 | J14: =IF(H14=0,0,H14/I14) -> 25.548387 | K14: =IF(#REF!<>0,"Não","") -> #REF! | T14: =C14 -> 45695 | U14: =H14 -> 198 | V14: =I14 -> 7.75 | W14: =J14 -> 25.548387 | X14: =IF(W14=0," ",IF(W14>1,1,)) -> 1
B15: SAb | C15: =C14+1 -> 45696 | H15: =D15+F15 -> 0 | I15: =IF(H15=0,0,AVERAGE(E15,G15)) -> 0 | J15: =IF(H15=0,0,H15/I15) -> 0
B16: Total Geral | D16: =SUM(D10:D15) -> 464 | E16: =IF(SUM(E10:E15)=0,0,AVERAGE(E10:E15)) -> 6.4 | F16: =SUM(F10:F15) -> 363 | G16: =IF(SUM(G10:G15)=0,0,AVERAGE(G10:G15)) -> 6.4 | H16: =D16+F16 -> 827 | I16: =IF(H16=0,0,AVERAGE(E16,G16)) -> 6.4 | J16: =IF(H16=0,0,H16/I16) -> 129.21875 | U16: =D16+F16 -> 827 | V16: =SUM(V10:V14) -> 32 | W16: =SUM(W10:W14) -> 129.54632 | X16: =COUNT(X10:X14) -> 5
W17: =W16/X16 -> 25.909263 | X17: =IF(W16=0,0,W17) -> 25.909263
B18: ='01jan'!B18 -> 9 | C18: ='01jan'!C18 -> 20 | D18: Consertos de Portas
B19: =IF(H28=0,0,IF(H28>=1,W29)) -> 10 | D19: 7:30 a 12:00 | F19: 13:00 a 17:18 | H19: =C22 -> 45691 | L19: =L7 -> Justificativa por não ter conseguido produzir a demanda. Preencher esta coluna quando a coluna ao lado "Faltaram", não estiver com "0"
D20: =D8 -> Prod. | E20: =E8 -> Func. | F20: =D20 -> Prod. | G20: =E20 -> Func. | H20: =H8 -> Qtd. | I20: =I8 -> Méd Func. | J20: =J8 -> Méd. Prod.
B21: =B9 -> Produtividade Média | K21: Não | T21: =T9 -> Data | U21: =U9 -> Qtd. | V21: =V9 -> Méd Func. | W21: =W9 -> Produtividade Diária
B22: =B10 -> Seg | C22: =C10 -> 45691 | D22: 4 | E22: 0.5 | F22: 3 | G22: 0.5 | H22: =D22+F22 -> 7 | I22: =IF(H22=0,0,AVERAGE(E22,G22)) -> 0.5 | J22: =IF(H22=0,0,H22/I22) -> 14 | K22: =IF(#REF!<>0,"Não","") -> #REF! | T22: =C22 -> 45691 | U22: =H22 -> 7 | V22: =I22 -> 0.5 | W22: =J22 -> 14 | X22: =IF(W22=0," ",IF(W22>1,1,)) -> 1
B23: =B11 -> Ter | C23: =C11 -> 45692 | D23: 3 | E23: 0.75 | F23: 0 | G23: 0 | H23: =D23+F23 -> 3 | I23: =IF(H23=0,0,AVERAGE(E23,G23)) -> 0.375 | J23: =IF(H23=0,0,H23/I23) -> 8 | K23: =IF(#REF!<>0,"Não","") -> #REF! | T23: =C23 -> 45692 | U23: =H23 -> 3 | V23: =I23 -> 0.375 | W23: =J23 -> 8 | X23: =IF(W23=0," ",IF(W23>1,1,)) -> 1
B24: =B12 -> Qua | C24: =C12 -> 45693 | D24: 3 | E24: 0.75 | F24: 3 | G24: 0.75 | H24: =D24+F24 -> 6 | I24: =IF(H24=0,0,AVERAGE(E24,G24)) -> 0.75 | J24: =IF(H24=0,0,H24/I24) -> 8 | K24: =IF(#REF!<>0,"Não","") -> #REF! | T24: =C24 -> 45693 | U24: =H24 -> 6 | V24: =I24 -> 0.75 | W24: =J24 -> 8 | X24: =IF(W24=0," ",IF(W24>1,1,)) -> 1
B25: =B13 -> Qui | C25: =C13 -> 45694 | D25: 3 | E25: 0.75 | F25: 3 | G25: 0.75 | H25: =D25+F25 -> 6 | I25: =IF(H25=0,0,AVERAGE(E25,G25)) -> 0.75 | J25: =IF(H25=0,0,H25/I25) -> 8 | K25: =IF(#REF!<>0,"Não","") -> #REF! | T25: =C25 -> 45694 | U25: =H25 -> 6 | V25: =I25 -> 0.75 | W25: =J25 -> 8 | X25: =IF(W25=0," ",IF(W25>1,1,)) -> 1
B26: =B14 -> Sex | C26: =C14 -> 45695 | D26: 1 | E26: 0.25 | F26: 2 | G26: 0.25 | H26: =D26+F26 -> 3 | I26: =IF(H26=0,0,AVERAGE(E26,G26)) -> 0.25 | J26: =IF(H26=0,0,H26/I26) -> 12 | K26: =IF(#REF!<>0,"Não","") -> #REF! | T26: =C26 -> 45695 | U26: =H26 -> 3 | V26: =I26 -> 0.25 | W26: =J26 -> 12 | X26: =IF(W26=0," ",IF(W26>1,1,)) -> 1
B27: =B15 -> SAb | C27: =C15 -> 45696 | H27: =D27+F27 -> 0 | I27: =IF(H27=0,0,AVERAGE(E27,G27)) -> 0 | J27: =IF(H27=0,0,H27/I27) -> 0
B28: =B16 -> Total Geral | D28: =SUM(D22:D27) -> 14 | E28: =IF(SUM(E22:E27)=0,0,AVERAGE(E22:E27)) -> 0.6 | F28: =SUM(F22:F27) -> 11 | G28: =IF(SUM(G22:G27)=0,0,AVERAGE(G22:G27)) -> 0.45 | H28: =D28+F28 -> 25 | I28: =AVERAGE(I22:I26) -> 0.525 | J28: =IF(H28=0,0,H28/I28) -> 47.619048 | U28: =D28+F28 -> 25 | V28: =SUM(V22:V26) -> 2.625 | W28: =SUM(W22:W26) -> 50 | X28: =COUNT(X22:X26) -> 5
W29: =W28/X28 -> 10 | X29: =IF(W28=0,0,W29) -> 10
B30: ='01jan'!B30 -> 40 | C30: ='01jan'!C30 -> 45 | D30: Folhas Frisadas
B31: =IF(H40=0,0,IF(H40>=1,W41)) -> 46.4 | D31: 7:30 a 12:00 | F31: 13:00 a 17:18 | H31: =C34 -> 45691 | L31: =L19 -> Justificativa por não ter conseguido produzir a demanda. Preencher esta coluna quando a coluna ao lado "Faltaram", não estiver com "0"
D32: =D20 -> Prod. | E32: =E20 -> Func. | F32: =D32 -> Prod. | G32: =E32 -> Func. | H32: =H20 -> Qtd. | I32: =I20 -> Méd Func. | J32: =J20 -> Méd. Prod.
B33: Produtividade Média | K33: Não | T33: =T21 -> Data | U33: =U21 -> Qtd. | V33: =V21 -> Méd Func. | W33: =W21 -> Produtividade Diária
B34: =B22 -> Seg | C34: =C10 -> 45691 | D34: 10 | E34: 0.25 | F34: 0 | G34: 0 | H34: =D34+F34 -> 10 | I34: =IF(H34=0,0,AVERAGE(E34,G34)) -> 0.125 | J34: =IF(H34=0,0,H34/I34) -> 80 | K34: =IF(#REF!<>0,"Não","") -> #REF! | T34: =C34 -> 45691 | U34: =H34 -> 10 | V34: =I34 -> 0.125 | W34: =J34 -> 80 | X34: =IF(W34=0," ",IF(W34>1,1,)) -> 1
B35: =B23 -> Ter | C35: =C11 -> 45692 | D35: 0 | E35: 0 | F35: 0 | G35: 0 | H35: =D35+F35 -> 0 | I35: =IF(H35=0,0,AVERAGE(E35,G35)) -> 0 | J35: =IF(H35=0,0,H35/I35) -> 0 | K35: =IF(#REF!<>0,"Não","") -> #REF! | T35: =C35 -> 45692 | U35: =H35 -> 0 | V35: =I35 -> 0 | W35: =J35 -> 0 | X35: =IF(W35=0," ",IF(W35>1,1,))
B36: =B24 -> Qua | C36: =C12 -> 45693 | D36: 5 | E36: 0.25 | F36: 11 | G36: 1 | H36: =D36+F36 -> 16 | I36: =IF(H36=0,0,AVERAGE(E36,G36)) -> 0.625 | J36: =IF(H36=0,0,H36/I36) -> 25.6 | K36: =IF(#REF!<>0,"Não","") -> #REF! | T36: =C36 -> 45693 | U36: =H36 -> 16 | V36: =I36 -> 0.625 | W36: =J36 -> 25.6 | X36: =IF(W36=0," ",IF(W36>1,1,)) -> 1
B37: =B25 -> Qui | C37: =C13 -> 45694 | D37: 27 | E37: 1 | F37: 15 | G37: 0.75 | H37: =D37+F37 -> 42 | I37: =IF(H37=0,0,AVERAGE(E37,G37)) -> 0.875 | J37: =IF(H37=0,0,H37/I37) -> 48 | K37: =IF(#REF!<>0,"Não","") -> #REF! | T37: =C37 -> 45694 | U37: =H37 -> 42 | V37: =I37 -> 0.875 | W37: =J37 -> 48 | X37: =IF(W37=0," ",IF(W37>1,1,)) -> 1
B38: =B26 -> Sex | C38: =C14 -> 45695 | D38: 0 | E38: 0 | F38: 4 | G38: 0.25 | H38: =D38+F38 -> 4 | I38: =IF(H38=0,0,AVERAGE(E38,G38)) -> 0.125 | J38: =IF(H38=0,0,H38/I38) -> 32 | K38: =IF(#REF!<>0,"Não","") -> #REF! | T38: =C38 -> 45695 | U38: =H38 -> 4 | V38: =I38 -> 0.125 | W38: =J38 -> 32 | X38: =IF(W38=0," ",IF(W38>1,1,)) -> 1
B39: =B27 -> SAb | C39: =C15 -> 45696 | H39: =D39+F39 -> 0 | I39: =IF(H39=0,0,AVERAGE(E39,G39)) -> 0 | J39: =IF(H39=0,0,H39/I39) -> 0
B40: =B28 -> Total Geral | D40: =SUM(D34:D39) -> 42 | E40: =IF(SUM(E34:E39)=0,0,AVERAGE(E34:E39)) -> 0.3 | F40: =SUM(F34:F39) -> 30 | G40: =IF(SUM(G34:G39)=0,0,AVERAGE(G34:G39)) -> 0.4 | H40: =D40+F40 -> 72 | I40: =AVERAGE(I34:I38) -> 0.35 | J40: 0 | U40: =D40+F40 -> 72 | V40: =SUM(V34:V38) -> 1.75 | W40: =SUM(W34:W38) -> 185.6 | X40: =COUNT(X34:X38) -> 4
W41: =W40/X40 -> 46.4 | X41: =IF(W40=0,0,W41) -> 46.4
B42: ='01jan'!B42 -> 10 | C42: ='01jan'!C42 -> 20 | D42: Embalagens
B43: =IF(H52=0,0,IF(H52>1,W53)) -> 36.653333 | D43: 7:30 a 12:00 | F43: 13:00 a 17:18 | H43: =C46 -> 45691 | L43: =L31 -> Justificativa por não ter conseguido produzir a demanda. Preencher esta coluna quando a coluna ao lado "Faltaram", não estiver com "0"
D44: =D32 -> Prod. | E44: =E32 -> Func. | F44: =F32 -> Prod. | G44: =G32 -> Func. | H44: =H32 -> Qtd. | I44: =I32 -> Méd Func. | J44: =J32 -> Méd. Prod.
B45: Produtividade Média | K45: Não | T45: =T33 -> Data | U45: =U33 -> Qtd. | V45: =V33 -> Méd Func. | W45: =W33 -> Produtividade Diária
B46: =B34 -> Seg | C46: =C10 -> 45691 | D46: 10 | E46: 0.75 | F46: 0 | G46: 0 | H46: =D46+F46 -> 10 | I46: =IF(H46=0,0,AVERAGE(E46,G46)) -> 0.375 | J46: =IF(H46=0,0,H46/I46) -> 26.666667 | K46: =IF(#REF!<>0,"Não","") -> #REF! | T46: =C46 -> 45691 | U46: =H46 -> 10 | V46: =I46 -> 0.375 | W46: =J46 -> 26.666667 | X46: =IF(W46=0," ",IF(W46>1,1,)) -> 1
B47: =B35 -> Ter | C47: =C11 -> 45692 | D47: 0 | E47: 0 | F47: 12 | G47: 0.5 | H47: =D47+F47 -> 12 | I47: =IF(H47=0,0,AVERAGE(E47,G47)) -> 0.25 | J47: =IF(H47=0,0,H47/I47) -> 48 | K47: =IF(#REF!<>0,"Não","") -> #REF! | T47: =C47 -> 45692 | U47: =H47 -> 12 | V47: =I47 -> 0.25 | W47: =J47 -> 48 | X47: =IF(W47=0," ",IF(W47>1,1,)) -> 1
B48: =B36 -> Qua | C48: =C12 -> 45693 | D48: 6 | E48: 0.25 | F48: 10 | G48: 1 | H48: =D48+F48 -> 16 | I48: =IF(H48=0,0,AVERAGE(E48,G48)) -> 0.625 | J48: =IF(H48=0,0,H48/I48) -> 25.6 | K48: =IF(#REF!<>0,"Não","") -> #REF! | T48: =C48 -> 45693 | U48: =H48 -> 16 | V48: =I48 -> 0.625 | W48: =J48 -> 25.6 | X48: =IF(W48=0," ",IF(W48>1,1,)) -> 1
B49: =B37 -> Qui | C49: =C13 -> 45694 | D49: 9 | E49: 0.5 | F49: 6 | G49: 0.25 | H49: =D49+F49 -> 15 | I49: =IF(H49=0,0,AVERAGE(E49,G49)) -> 0.375 | J49: =IF(H49=0,0,H49/I49) -> 40 | K49: =IF(#REF!<>0,"Não","") -> #REF! | T49: =C49 -> 45694 | U49: =H49 -> 15 | V49: =I49 -> 0.375 | W49: =J49 -> 40 | X49: =IF(W49=0," ",IF(W49>1,1,)) -> 1
B50: =B38 -> Sex | C50: =C14 -> 45695 | D50: 30 | E50: 1 | F50: 13 | G50: 1 | H50: =D50+F50 -> 43 | I50: =IF(H50=0,0,AVERAGE(E50,G50)) -> 1 | J50: =IF(H50=0,0,H50/I50) -> 43 | K50: =IF(#REF!<>0,"Não","") -> #REF! | T50: =C50 -> 45695 | U50: =H50 -> 43 | V50: =I50 -> 1 | W50: =J50 -> 43 | X50: =IF(W50=0," ",IF(W50>1,1,)) -> 1
B51: =B39 -> SAb | C51: =C15 -> 45696 | H51: =D51+F51 -> 0 | I51: =IF(H51=0,0,AVERAGE(E51,G51)) -> 0 | J51: =IF(H51=0,0,H51/I51) -> 0
B52: =B40 -> Total Geral | D52: =SUM(D46:D51) -> 55 | E52: =IF(SUM(E46:E51)=0,0,AVERAGE(E46:E51)) -> 0.5 | F52: =SUM(F46:F51) -> 41 | G52: =IF(SUM(G46:G51)=0,0,AVERAGE(G46:G51)) -> 0.55 | H52: =D52+F52 -> 96 | I52: =AVERAGE(E52,G52) -> 0.525 | J52: =IF(I52=0,0,H52/I52) -> 182.85714 | U52: =D52+F52 -> 96 | V52: =SUM(V46:V50) -> 2.625 | W52: =SUM(W46:W50) -> 183.26667 | X52: =COUNT(X46:X50) -> 5
W53: =W52/X52 -> 36.653333 | X53: =IF(W52=0,0,W53) -> 36.653333
W54: =#REF!/#REF! -> #REF! | X54: =IF(#REF!=0,0,W54) -> #REF!
B55: ='01jan'!B55 -> 9 | C55: ='01jan'!C55 -> 10 | D55: Portas Pintadas
B56: =IF(H65=0,0,IF(H65>=1,W66)) -> 9 | D56: 7:30 a 12:00 | F56: 13:00 a 17:18 | H56: =C59 -> 45691 | L56: =L43 -> Justificativa por não ter conseguido produzir a demanda. Preencher esta coluna quando a coluna ao lado "Faltaram", não estiver com "0"
D57: =D44 -> Prod. | E57: =E44 -> Func. | F57: =F44 -> Prod. | G57: =G44 -> Func. | H57: =H44 -> Qtd. | I57: =I44 -> Méd Func. | J57: =J44 -> Méd. Prod.
B58: Produtividade Média | K58: Não | T58: =T45 -> Data | U58: =U45 -> Qtd. | V58: =V45 -> Méd Func. | W58: =W45 -> Produtividade Diária
B59: =B46 -> Seg | C59: =C46 -> 45691 | D59: 3 | E59: 0.5 | F59: 3 | G59: 0.5 | H59: =D59+F59 -> 6 | I59: =IF(H59=0,0,AVERAGE(E59,G59)) -> 0.5 | J59: =IF(H59=0,0,H59/I59) -> 12 | K59: =IF(#REF!<>0,"Não","") -> #REF! | T59: =C59 -> 45691 | U59: =H59 -> 6 | V59: =I59 -> 0.5 | W59: =J59 -> 12 | X59: =IF(W59=0," ",IF(W59>1,1,)) -> 1 | AE59: 175.02 | AG59: =AE59*8 -> 1400.16
B60: =B47 -> Ter | C60: =C47 -> 45692 | D60: 0 | E60: 0 | F60: 0 | G60: 0 | H60: =D60+F60 -> 0 | I60: =IF(H60=0,0,AVERAGE(E60,G60)) -> 0 | J60: =IF(H60=0,0,H60/I60) -> 0 | K60: =IF(#REF!<>0,"Não","") -> #REF! | T60: =C60 -> 45692 | U60: =H60 -> 0 | V60: =I60 -> 0 | W60: =J60 -> 0 | X60: =IF(W60=0," ",IF(W60>1,1,)) | AE60: =AE59*6 -> 1050.12
B61: =B48 -> Qua | C61: =C48 -> 45693 | D61: 1 | E61: 0.25 | F61: 0 | G61: 0 | H61: =D61+F61 -> 1 | I61: =IF(H61=0,0,AVERAGE(E61,G61)) -> 0.125 | J61: =IF(H61=0,0,H61/I61) -> 8 | K61: =IF(#REF!<>0,"Não","") -> #REF! | T61: =C61 -> 45693 | U61: =H61 -> 1 | V61: =I61 -> 0.125 | W61: =J61 -> 8 | X61: =IF(W61=0," ",IF(W61>1,1,)) -> 1 | AE61: 7815.11
B62: =B49 -> Qui | C62: =C49 -> 45694 | D62: 1 | E62: 0.25 | F62: 0 | G62: 0 | H62: =D62+F62 -> 1 | I62: =IF(H62=0,0,AVERAGE(E62,G62)) -> 0.125 | J62: =IF(H62=0,0,H62/I62) -> 8 | K62: =IF(#REF!<>0,"Não","") -> #REF! | T62: =C62 -> 45694 | U62: =H62 -> 1 | V62: =I62 -> 0.125 | W62: =J62 -> 8 | X62: =IF(W62=0," ",IF(W62>1,1,)) -> 1
B63: =B50 -> Sex | C63: =C50 -> 45695 | D63: 1 | E63: 0.25 | F63: 1 | G63: 0.25 | H63: =D63+F63 -> 2 | I63: =IF(H63=0,0,AVERAGE(E63,G63)) -> 0.25 | J63: =IF(H63=0,0,H63/I63) -> 8 | K63: =IF(#REF!<>0,"Não","") -> #REF! | T63: =C63 -> 45695 | U63: =H63 -> 2 | V63: =I63 -> 0.25 | W63: =J63 -> 8 | X63: =IF(W63=0," ",IF(W63>1,1,)) -> 1 | AE63: =AE60+AE61 -> 8865.23
B64: =B51 -> SAb | C64: =C51 -> 45696 | H64: =D64+F64 -> 0 | I64: =IF(H64=0,0,AVERAGE(E64,G64)) -> 0 | J64: =IF(H64=0,0,H64/I64) -> 0
B65: =B52 -> Total Geral | D65: =SUM(D59:D64) -> 6 | E65: =IF(SUM(E59:E64)=0,0,AVERAGE(E59:E64)) -> 0.25 | F65: =SUM(F59:F64) -> 4 | G65: =IF(SUM(G59:G64)=0,0,AVERAGE(G59:G64)) -> 0.15 | H65: =D65+F65 -> 10 | I65: =AVERAGE(E65,G65) -> 0.2 | J65: =IF(I65=0,0,H65/I65) -> 50 | U65: =D65+F65 -> 10 | V65: =SUM(V59:V63) -> 1 | W65: =SUM(W59:W63) -> 36 | X65: =COUNT(X59:X63) -> 4
W66: =W65/X65 -> 9 | X66: =IF(W65=0,0,W66) -> 9
B67: ='01jan'!B67 -> 7 | C67: ='01jan'!C67 -> 10 | D67: Celula M
B68: =IF(H77=0,0,IF(H77>=1,W78)) -> 8.2 | D68: 7:30 a 12:00 | F68: 13:00 a 17:18 | H68: =C71 -> 45691 | L68: =L56 -> Justificativa por não ter conseguido produzir a demanda. Preencher esta coluna quando a coluna ao lado "Faltaram", não estiver com "0"
D69: =D57 -> Prod. | E69: =E57 -> Func. | F69: =D69 -> Prod. | G69: =E69 -> Func. | H69: =H57 -> Qtd. | I69: =I57 -> Méd Func. | J69: =J57 -> Méd. Prod.
B70: Produtividade Média | T70: =T58 -> Data | U70: =U58 -> Qtd. | V70: =V58 -> Méd Func. | W70: =W58 -> Produtividade Diária
B71: =B59 -> Seg | C71: =C59 -> 45691 | D71: 3 | E71: 1 | F71: 3 | G71: 1 | H71: =D71+F71 -> 6 | I71: =IF(H71=0,0,AVERAGE(E71,G71)) -> 1 | J71: =IF(H71=0,0,H71/I71) -> 6 | T71: =C71 -> 45691 | U71: =H71 -> 6 | V71: =I71 -> 1 | W71: =J71 -> 6 | X71: =IF(W71=0," ",IF(W71>1,1,)) -> 1
B72: =B60 -> Ter | C72: =C60 -> 45692 | D72: 2 | E72: 1 | F72: 3 | G72: 1 | H72: =D72+F72 -> 5 | I72: =IF(H72=0,0,AVERAGE(E72,G72)) -> 1 | J72: =IF(H72=0,0,H72/I72) -> 5 | T72: =C72 -> 45692 | U72: =H72 -> 5 | V72: =I72 -> 1 | W72: =J72 -> 5 | X72: =IF(W72=0," ",IF(W72>1,1,)) -> 1
B73: =B61 -> Qua | C73: =C61 -> 45693 | D73: 2 | E73: 1 | F73: 6 | G73: 1 | H73: =D73+F73 -> 8 | I73: =IF(H73=0,0,AVERAGE(E73,G73)) -> 1 | J73: =IF(H73=0,0,H73/I73) -> 8 | T73: =C73 -> 45693 | U73: =H73 -> 8 | V73: =I73 -> 1 | W73: =J73 -> 8 | X73: =IF(W73=0," ",IF(W73>1,1,)) -> 1
B74: =B62 -> Qui | C74: =C62 -> 45694 | D74: 0 | E74: 0 | F74: 7 | G74: 1 | H74: =D74+F74 -> 7 | I74: =IF(H74=0,0,AVERAGE(E74,G74)) -> 0.5 | J74: =IF(H74=0,0,H74/I74) -> 14 | T74: =C74 -> 45694 | U74: =H74 -> 7 | V74: =I74 -> 0.5 | W74: =J74 -> 14 | X74: =IF(W74=0," ",IF(W74>1,1,)) -> 1
B75: =B63 -> Sex | C75: =C63 -> 45695 | D75: 3 | E75: 1 | F75: 5 | G75: 1 | H75: =D75+F75 -> 8 | I75: =IF(H75=0,0,AVERAGE(E75,G75)) -> 1 | J75: =IF(H75=0,0,H75/I75) -> 8 | T75: =C75 -> 45695 | U75: =H75 -> 8 | V75: =I75 -> 1 | W75: =J75 -> 8 | X75: =IF(W75=0," ",IF(W75>1,1,)) -> 1
B76: =B64 -> SAb | C76: =C64 -> 45696 | H76: =D76+F76 -> 0 | I76: =IF(H76=0,0,AVERAGE(E76,G76)) -> 0 | J76: =IF(H76=0,0,H76/I76) -> 0
B77: =B65 -> Total Geral | D77: =SUM(D71:D76) -> 10 | E77: =IF(SUM(E71:E76)=0,0,AVERAGE(E71:E76)) -> 0.8 | F77: =SUM(F71:F76) -> 24 | G77: =IF(SUM(G71:G76)=0,0,AVERAGE(G71:G76)) -> 1 | H77: =D77+F77 -> 34 | I77: =AVERAGE(E77,G77) -> 0.9 | J77: =IF(I77=0,0,H77/I77) -> 37.777778 | U77: =D77+F77 -> 34 | V77: =SUM(V71:V75) -> 4.5 | W77: =SUM(W71:W75) -> 41 | X77: =COUNT(X71:X75) -> 5
W78: =W77/X77 -> 8.2 | X78: =IF(W77=0,0,W78) -> 8.2
B80: Servicos Diversos | AI80: MARÇO
B81: =B71 -> Seg | C81: =C22 -> 45691 | AI81: ABRIL
B82: =B72 -> Ter | C82: =C23 -> 45692 | AI82: MAIO
B83: =B73 -> Qua | C83: =C24 -> 45693 | AI83: JUNHO
B84: =B74 -> Qui | C84: =C25 -> 45694 | AI84: JULHO
B85: =B75 -> Sex | C85: =C26 -> 45695 | AI85: AGOSTO
B86: =B76 -> SAb | C86: =C27 -> 45696 | AI86: SETEMBRO
AI87: OUTUBRO
AI88: NOVEMBRO
AI89: DEZEMBRO

Sheet 10fev
M2: =TODAY() -> 46034 | W2: 29
B6: ='01jan'!B6 -> 31 | C6: ='01jan'!C6 -> 32 | D6: Celula A
B7: =IF(H16=0,0,IF(H16>=1,W17)) -> 25.459615 | D7: 7:30 a 12:00 | F7: 13:00 a 17:18 | H7: =C10 -> 45698 | L7: Justificativa por não ter conseguido produzir a demanda. Preencher esta coluna quando a coluna ao lado "Faltaram", não estiver com "0"
D8: Prod. | E8: Func. | F8: =D8 -> Prod. | G8: =E8 -> Func. | H8: Qtd. | I8: Méd Func. | J8: Méd. Prod.
B9: Produtividade Média | K9: Não | T9: Data | U9: =H8 -> Qtd. | V9: =I8 -> Méd Func. | W9: Produtividade Diária
B10: Seg | C10: ='03fev'!C15+2 -> 45698 | D10: 104 | E10: 7 | F10: 85 | G10: 7 | H10: =D10+F10 -> 189 | I10: =IF(H10=0,0,AVERAGE(E10,G10)) -> 7 | J10: =IF(H10=0,0,H10/I10) -> 27 | K10: =IF(#REF!<>0,"Não","") -> #REF! | T10: =C10 -> 45698 | U10: =H10 -> 189 | V10: =I10 -> 7 | W10: =J10 -> 27 | X10: =IF(W10=0," ",IF(W10>1,1,)) -> 1
B11: Ter | C11: =C10+1 -> 45699 | D11: 93 | E11: 7 | F11: 63 | G11: 6 | H11: =D11+F11 -> 156 | I11: =IF(H11=0,0,AVERAGE(E11,G11)) -> 6.5 | J11: =IF(H11=0,0,H11/I11) -> 24 | K11: =IF(#REF!<>0,"Não","") -> #REF! | T11: =C11 -> 45699 | U11: =H11 -> 156 | V11: =I11 -> 6.5 | W11: =J11 -> 24 | X11: =IF(W11=0," ",IF(W11>1,1,)) -> 1
B12: Qua | C12: =C11+1 -> 45700 | D12: 103 | E12: 6.5 | F12: 85 | G12: 6.5 | H12: =D12+F12 -> 188 | I12: =IF(H12=0,0,AVERAGE(E12,G12)) -> 6.5 | J12: =IF(H12=0,0,H12/I12) -> 28.923077 | K12: =IF(#REF!<>0,"Não","") -> #REF! | T12: =C12 -> 45700 | U12: =H12 -> 188 | V12: =I12 -> 6.5 | W12: =J12 -> 28.923077 | X12: =IF(W12=0," ",IF(W12>1,1,)) -> 1
B13: Qui | C13: =C12+1 -> 45701 | D13: 56 | E13: 6 | F13: 58 | G13: 6 | H13: =D13+F13 -> 114 | I13: =IF(H13=0,0,AVERAGE(E13,G13)) -> 6 | J13: =IF(H13=0,0,H13/I13) -> 19 | K13: =IF(#REF!<>0,"Não","") -> #REF! | T13: =C13 -> 45701 | U13: =H13 -> 114 | V13: =I13 -> 6 | W13: =J13 -> 19 | X13: =IF(W13=0," ",IF(W13>1,1,)) -> 1
B14: Sex | C14: =C13+1 -> 45702 | D14: 109 | E14: 8 | F14: 118 | G14: 8 | H14: =D14+F14 -> 227 | I14: =IF(H14=0,0,AVERAGE(E14,G14)) -> 8 | J14: =IF(H14=0,0,H14/I14) -> 28.375 | K14: =IF(#REF!<>0,"Não","") -> #REF! | T14: =C14 -> 45702 | U14: =H14 -> 227 | V14: =I14 -> 8 | W14: =J14 -> 28.375 | X14: =IF(W14=0," ",IF(W14>1,1,)) -> 1
B15: SAb | C15: =C14+1 -> 45703 | H15: =D15+F15 -> 0 | I15: =IF(H15=0,0,AVERAGE(E15,G15)) -> 0 | J15: =IF(H15=0,0,H15/I15) -> 0
B16: Total Geral | D16: =SUM(D10:D15) -> 465 | E16: =IF(SUM(E10:E15)=0,0,AVERAGE(E10:E15)) -> 6.9 | F16: =SUM(F10:F15) -> 409 | G16: =IF(SUM(G10:G15)=0,0,AVERAGE(G10:G15)) -> 6.7 | H16: =D16+F16 -> 874 | I16: =IF(H16=0,0,AVERAGE(E16,G16)) -> 6.8 | J16: =IF(H16=0,0,H16/I16) -> 128.52941 | U16: =D16+F16 -> 874 | V16: =SUM(V10:V14) -> 34 | W16: =SUM(W10:W14) -> 127.29808 | X16: =COUNT(X10:X14) -> 5
W17: =W16/X16 -> 25.459615 | X17: =IF(W16=0,0,W17) -> 25.459615
B18: ='01jan'!B18 -> 9 | C18: ='01jan'!C18 -> 20 | D18: Consertos de Portas
B19: =IF(H28=0,0,IF(H28>=1,W29)) -> 13.452381 | D19: 7:30 a 12:00 | F19: 13:00 a 17:18 | H19: =C22 -> 45698 | L19: =L7 -> Justificativa por não ter conseguido produzir a demanda. Preencher esta coluna quando a coluna ao lado "Faltaram", não estiver com "0"
D20: =D8 -> Prod. | E20: =E8 -> Func. | F20: =D20 -> Prod. | G20: =E20 -> Func. | H20: =H8 -> Qtd. | I20: =I8 -> Méd Func. | J20: =J8 -> Méd. Prod.
B21: =B9 -> Produtividade Média | K21: Não | T21: =T9 -> Data | U21: =U9 -> Qtd. | V21: =V9 -> Méd Func. | W21: =W9 -> Produtividade Diária
B22: =B10 -> Seg | C22: =C10 -> 45698 | D22: 5 | E22: 0.75 | F22: 3 | G22: 1 | H22: =D22+F22 -> 8 | I22: =IF(H22=0,0,AVERAGE(E22,G22)) -> 0.875 | J22: =IF(H22=0,0,H22/I22) -> 9.1428571 | K22: =IF(#REF!<>0,"Não","") -> #REF! | T22: =C22 -> 45698 | U22: =H22 -> 8 | V22: =I22 -> 0.875 | W22: =J22 -> 9.1428571 | X22: =IF(W22=0," ",IF(W22>1,1,)) -> 1
B23: =B11 -> Ter | C23: =C11 -> 45699 | D23: 6 | E23: 1 | F23: 4 | G23: 1 | H23: =D23+F23 -> 10 | I23: =IF(H23=0,0,AVERAGE(E23,G23)) -> 1 | J23: =IF(H23=0,0,H23/I23) -> 10 | K23: =IF(#REF!<>0,"Não","") -> #REF! | T23: =C23 -> 45699 | U23: =H23 -> 10 | V23: =I23 -> 1 | W23: =J23 -> 10 | X23: =IF(W23=0," ",IF(W23>1,1,)) -> 1
B24: =B12 -> Qua | C24: =C12 -> 45700 | D24: 0 | E24: 0 | F24: 0 | G24: 0 | H24: =D24+F24 -> 0 | I24: =IF(H24=0,0,AVERAGE(E24,G24)) -> 0 | J24: =IF(H24=0,0,H24/I24) -> 0 | K24: =IF(#REF!<>0,"Não","") -> #REF! | T24: =C24 -> 45700 | U24: =H24 -> 0 | V24: =I24 -> 0 | W24: =J24 -> 0 | X24: =IF(W24=0," ",IF(W24>1,1,))
B25: =B13 -> Qui | C25: =C13 -> 45701 | D25: 2 | E25: 0.25 | F25: 0 | G25: 0 | H25: =D25+F25 -> 2 | I25: =IF(H25=0,0,AVERAGE(E25,G25)) -> 0.125 | J25: =IF(H25=0,0,H25/I25) -> 16 | K25: =IF(#REF!<>0,"Não","") -> #REF! | T25: =C25 -> 45701 | U25: =H25 -> 2 | V25: =I25 -> 0.125 | W25: =J25 -> 16 | X25: =IF(W25=0," ",IF(W25>1,1,)) -> 1
B26: =B14 -> Sex | C26: =C14 -> 45702 | D26: 0 | E26: 0 | F26: 7 | G26: 0.75 | H26: =D26+F26 -> 7 | I26: =IF(H26=0,0,AVERAGE(E26,G26)) -> 0.375 | J26: =IF(H26=0,0,H26/I26) -> 18.666667 | K26: =IF(#REF!<>0,"Não","") -> #REF! | T26: =C26 -> 45702 | U26: =H26 -> 7 | V26: =I26 -> 0.375 | W26: =J26 -> 18.666667 | X26: =IF(W26=0," ",IF(W26>1,1,)) -> 1
B27: =B15 -> SAb | C27: =C15 -> 45703 | H27: =D27+F27 -> 0 | I27: =IF(H27=0,0,AVERAGE(E27,G27)) -> 0 | J27: =IF(H27=0,0,H27/I27) -> 0
B28: =B16 -> Total Geral | D28: =SUM(D22:D27) -> 13 | E28: =IF(SUM(E22:E27)=0,0,AVERAGE(E22:E27)) -> 0.4 | F28: =SUM(F22:F27) -> 14 | G28: =IF(SUM(G22:G27)=0,0,AVERAGE(G22:G27)) -> 0.55 | H28: =D28+F28 -> 27 | I28: =AVERAGE(I22:I26) -> 0.475 | J28: =IF(H28=0,0,H28/I28) -> 56.842105 | U28: =D28+F28 -> 27 | V28: =SUM(V22:V26) -> 2.375 | W28: =SUM(W22:W26) -> 53.809524 | X28: =COUNT(X22:X26) -> 4
W29: =W28/X28 -> 13.452381 | X29: =IF(W28=0,0,W29) -> 13.452381
B30: ='01jan'!B30 -> 40 | C30: ='01jan'!C30 -> 45 | D30: Folhas Frisadas
B31: =IF(H40=0,0,IF(H40>=1,W41)) -> 45 | D31: 7:30 a 12:00 | F31: 13:00 a 17:18 | H31: =C34 -> 45698 | L31: =L19 -> Justificativa por não ter conseguido produzir a demanda. Preencher esta coluna quando a coluna ao lado "Faltaram", não estiver com "0"
D32: =D20 -> Prod. | E32: =E20 -> Func. | F32: =D32 -> Prod. | G32: =E32 -> Func. | H32: =H20 -> Qtd. | I32: =I20 -> Méd Func. | J32: =J20 -> Méd. Prod.
B33: Produtividade Média | K33: Não | T33: =T21 -> Data | U33: =U21 -> Qtd. | V33: =V21 -> Méd Func. | W33: =W21 -> Produtividade Diária
B34: =B22 -> Seg | C34: =C10 -> 45698 | D34: 15 | E34: 1 | F34: 24 | G34: 1 | H34: =D34+F34 -> 39 | I34: =IF(H34=0,0,AVERAGE(E34,G34)) -> 1 | J34: =IF(H34=0,0,H34/I34) -> 39 | K34: =IF(#REF!<>0,"Não","") -> #REF! | T34: =C34 -> 45698 | U34: =H34 -> 39 | V34: =I34 -> 1 | W34: =J34 -> 39 | X34: =IF(W34=0," ",IF(W34>1,1,)) -> 1
B35: =B23 -> Ter | C35: =C11 -> 45699 | D35: 6 | E35: 0.25 | F35: 0 | G35: 0 | H35: =D35+F35 -> 6 | I35: =IF(H35=0,0,AVERAGE(E35,G35)) -> 0.125 | J35: =IF(H35=0,0,H35/I35) -> 48 | K35: =IF(#REF!<>0,"Não","") -> #REF! | T35: =C35 -> 45699 | U35: =H35 -> 6 | V35: =I35 -> 0.125 | W35: =J35 -> 48 | X35: =IF(W35=0," ",IF(W35>1,1,)) -> 1
B36: =B24 -> Qua | C36: =C12 -> 45700 | D36: 0 | E36: 0 | F36: 0 | G36: 0 | H36: =D36+F36 -> 0 | I36: =IF(H36=0,0,AVERAGE(E36,G36)) -> 0 | J36: =IF(H36=0,0,H36/I36) -> 0 | K36: =IF(#REF!<>0,"Não","") -> #REF! | T36: =C36 -> 45700 | U36: =H36 -> 0 | V36: =I36 -> 0 | W36: =J36 -> 0 | X36: =IF(W36=0," ",IF(W36>1,1,))
B37: =B25 -> Qui | C37: =C13 -> 45701 | D37: 0 | E37: 0 | F37: 0 | G37: 0 | H37: =D37+F37 -> 0 | I37: =IF(H37=0,0,AVERAGE(E37,G37)) -> 0 | J37: =IF(H37=0,0,H37/I37) -> 0 | K37: =IF(#REF!<>0,"Não","") -> #REF! | T37: =C37 -> 45701 | U37: =H37 -> 0 | V37: =I37 -> 0 | W37: =J37 -> 0 | X37: =IF(W37=0," ",IF(W37>1,1,))
B38: =B26 -> Sex | C38: =C14 -> 45702 | D38: 12 | E38: 0.25 | F38: 0 | G38: 0.25 | H38: =D38+F38 -> 12 | I38: =IF(H38=0,0,AVERAGE(E38,G38)) -> 0.25 | J38: =IF(H38=0,0,H38/I38) -> 48 | K38: =IF(#REF!<>0,"Não","") -> #REF! | T38: =C38 -> 45702 | U38: =H38 -> 12 | V38: =I38 -> 0.25 | W38: =J38 -> 48 | X38: =IF(W38=0," ",IF(W38>1,1,)) -> 1
B39: =B27 -> SAb | C39: =C15 -> 45703 | H39: =D39+F39 -> 0 | I39: =IF(H39=0,0,AVERAGE(E39,G39)) -> 0 | J39: =IF(H39=0,0,H39/I39) -> 0
B40: =B28 -> Total Geral | D40: =SUM(D34:D39) -> 33 | E40: =IF(SUM(E34:E39)=0,0,AVERAGE(E34:E39)) -> 0.3 | F40: =SUM(F34:F39) -> 24 | G40: =IF(SUM(G34:G39)=0,0,AVERAGE(G34:G39)) -> 0.25 | H40: =D40+F40 -> 57 | I40: =AVERAGE(I34:I38) -> 0.275 | J40: 0 | U40: =D40+F40 -> 57 | V40: =SUM(V34:V38) -> 1.375 | W40: =SUM(W34:W38) -> 135 | X40: =COUNT(X34:X38) -> 3
W41: =W40/X40 -> 45 | X41: =IF(W40=0,0,W41) -> 45
B42: ='01jan'!B42 -> 10 | C42: ='01jan'!C42 -> 20 | D42: Embalagens
B43: =IF(H52=0,0,IF(H52>1,W53)) -> 36.053333 | D43: 7:30 a 12:00 | F43: 13:00 a 17:18 | H43: =C46 -> 45698 | L43: =L31 -> Justificativa por não ter conseguido produzir a demanda. Preencher esta coluna quando a coluna ao lado "Faltaram", não estiver com "0"
D44: =D32 -> Prod. | E44: =E32 -> Func. | F44: =F32 -> Prod. | G44: =G32 -> Func. | H44: =H32 -> Qtd. | I44: =I32 -> Méd Func. | J44: =J32 -> Méd. Prod.
B45: Produtividade Média | K45: Não | T45: =T33 -> Data | U45: =U33 -> Qtd. | V45: =V33 -> Méd Func. | W45: =W33 -> Produtividade Diária
B46: =B34 -> Seg | C46: =C10 -> 45698 | D46: 10 | E46: 0.5 | F46: 12 | G46: 0.5 | H46: =D46+F46 -> 22 | I46: =IF(H46=0,0,AVERAGE(E46,G46)) -> 0.5 | J46: =IF(H46=0,0,H46/I46) -> 44 | K46: =IF(#REF!<>0,"Não","") -> #REF! | T46: =C46 -> 45698 | U46: =H46 -> 22 | V46: =I46 -> 0.5 | W46: =J46 -> 44 | X46: =IF(W46=0," ",IF(W46>1,1,)) -> 1
B47: =B35 -> Ter | C47: =C11 -> 45699 | D47: 6 | E47: 0.25 | F47: 20 | G47: 1 | H47: =D47+F47 -> 26 | I47: =IF(H47=0,0,AVERAGE(E47,G47)) -> 0.625 | J47: =IF(H47=0,0,H47/I47) -> 41.6 | K47: =IF(#REF!<>0,"Não","") -> #REF! | T47: =C47 -> 45699 | U47: =H47 -> 26 | V47: =I47 -> 0.625 | W47: =J47 -> 41.6 | X47: =IF(W47=0," ",IF(W47>1,1,)) -> 1
B48: =B36 -> Qua | C48: =C12 -> 45700 | D48: 10 | E48: 0.5 | F48: 0 | G48: 0 | H48: =D48+F48 -> 10 | I48: =IF(H48=0,0,AVERAGE(E48,G48)) -> 0.25 | J48: =IF(H48=0,0,H48/I48) -> 40 | K48: =IF(#REF!<>0,"Não","") -> #REF! | T48: =C48 -> 45700 | U48: =H48 -> 10 | V48: =I48 -> 0.25 | W48: =J48 -> 40 | X48: =IF(W48=0," ",IF(W48>1,1,)) -> 1
B49: =B37 -> Qui | C49: =C13 -> 45701 | D49: 5 | E49: 0.5 | F49: 9 | G49: 0.5 | H49: =D49+F49 -> 14 | I49: =IF(H49=0,0,AVERAGE(E49,G49)) -> 0.5 | J49: =IF(H49=0,0,H49/I49) -> 28 | K49: =IF(#REF!<>0,"Não","") -> #REF! | T49: =C49 -> 45701 | U49: =H49 -> 14 | V49: =I49 -> 0.5 | W49: =J49 -> 28 | X49: =IF(W49=0," ",IF(W49>1,1,)) -> 1
B50: =B38 -> Sex | C50: =C14 -> 45702 | D50: 0 | E50: 0 | F50: 10 | G50: 0.75 | H50: =D50+F50 -> 10 | I50: =IF(H50=0,0,AVERAGE(E50,G50)) -> 0.375 | J50: =IF(H50=0,0,H50/I50) -> 26.666667 | K50: =IF(#REF!<>0,"Não","") -> #REF! | T50: =C50 -> 45702 | U50: =H50 -> 10 | V50: =I50 -> 0.375 | W50: =J50 -> 26.666667 | X50: =IF(W50=0," ",IF(W50>1,1,)) -> 1
B51: =B39 -> SAb | C51: =C15 -> 45703 | H51: =D51+F51 -> 0 | I51: =IF(H51=0,0,AVERAGE(E51,G51)) -> 0 | J51: =IF(H51=0,0,H51/I51) -> 0
B52: =B40 -> Total Geral | D52: =SUM(D46:D51) -> 31 | E52: =IF(SUM(E46:E51)=0,0,AVERAGE(E46:E51)) -> 0.35 | F52: =SUM(F46:F51) -> 51 | G52: =IF(SUM(G46:G51)=0,0,AVERAGE(G46:G51)) -> 0.55 | H52: =D52+F52 -> 82 | I52: =AVERAGE(E52,G52) -> 0.45 | J52: =IF(I52=0,0,H52/I52) -> 182.22222 | U52: =D52+F52 -> 82 | V52: =SUM(V46:V50) -> 2.25 | W52: =SUM(W46:W50) -> 180.26667 | X52: =COUNT(X46:X50) -> 5
W53: =W52/X52 -> 36.053333 | X53: =IF(W52=0,0,W53) -> 36.053333
W54: =#REF!/#REF! -> #REF! | X54: =IF(#REF!=0,0,W54) -> #REF!
B55: ='01jan'!B55 -> 9 | C55: ='01jan'!C55 -> 10 | D55: Portas Pintadas
B56: =IF(H65=0,0,IF(H65>=1,W66)) -> 18.666667 | D56: 7:30 a 12:00 | F56: 13:00 a 17:18 | H56: =C59 -> 45698 | L56: =L43 -> Justificativa por não ter conseguido produzir a demanda. Preencher esta coluna quando a coluna ao lado "Faltaram", não estiver com "0"
D57: =D44 -> Prod. | E57: =E44 -> Func. | F57: =F44 -> Prod. | G57: =G44 -> Func. | H57: =H44 -> Qtd. | I57: =I44 -> Méd Func. | J57: =J44 -> Méd. Prod.
B58: Produtividade Média | K58: Não | T58: =T45 -> Data | U58: =U45 -> Qtd. | V58: =V45 -> Méd Func. | W58: =W45 -> Produtividade Diária
B59: =B46 -> Seg | C59: =C46 -> 45698 | D59: 3 | E59: 0.25 | F59: 0 | G59: 0 | H59: =D59+F59 -> 3 | I59: =IF(H59=0,0,AVERAGE(E59,G59)) -> 0.125 | J59: =IF(H59=0,0,H59/I59) -> 24 | K59: =IF(#REF!<>0,"Não","") -> #REF! | T59: =C59 -> 45698 | U59: =H59 -> 3 | V59: =I59 -> 0.125 | W59: =J59 -> 24 | X59: =IF(W59=0," ",IF(W59>1,1,)) -> 1 | AE59: 175.02 | AG59: =AE59*8 -> 1400.16
B60: =B47 -> Ter | C60: =C47 -> 45699 | D60: 4 | E60: 1 | F60: 0 | G60: 0 | H60: =D60+F60 -> 4 | I60: =IF(H60=0,0,AVERAGE(E60,G60)) -> 0.5 | J60: =IF(H60=0,0,H60/I60) -> 8 | K60: =IF(#REF!<>0,"Não","") -> #REF! | T60: =C60 -> 45699 | U60: =H60 -> 4 | V60: =I60 -> 0.5 | W60: =J60 -> 8 | X60: =IF(W60=0," ",IF(W60>1,1,)) -> 1 | AE60: =AE59*6 -> 1050.12
B61: =B48 -> Qua | C61: =C48 -> 45700 | D61: 0 | E61: 0 | F61: 0 | G61: 0 | H61: =D61+F61 -> 0 | I61: =IF(H61=0,0,AVERAGE(E61,G61)) -> 0 | J61: =IF(H61=0,0,H61/I61) -> 0 | K61: =IF(#REF!<>0,"Não","") -> #REF! | T61: =C61 -> 45700 | U61: =H61 -> 0 | V61: =I61 -> 0 | W61: =J61 -> 0 | X61: =IF(W61=0," ",IF(W61>1,1,)) | AE61: 7815.11
B62: =B49 -> Qui | C62: =C49 -> 45701 | D62: 0 | E62: 0 | F62: 0 | G62: 0 | H62: =D62+F62 -> 0 | I62: =IF(H62=0,0,AVERAGE(E62,G62)) -> 0 | J62: =IF(H62=0,0,H62/I62) -> 0 | K62: =IF(#REF!<>0,"Não","") -> #REF! | T62: =C62 -> 45701 | U62: =H62 -> 0 | V62: =I62 -> 0 | W62: =J62 -> 0 | X62: =IF(W62=0," ",IF(W62>1,1,))
B63: =B50 -> Sex | C63: =C50 -> 45702 | D63: 0 | E63: 0 | F63: 3 | G63: 0.25 | H63: =D63+F63 -> 3 | I63: =IF(H63=0,0,AVERAGE(E63,G63)) -> 0.125 | J63: =IF(H63=0,0,H63/I63) -> 24 | K63: =IF(#REF!<>0,"Não","") -> #REF! | T63: =C63 -> 45702 | U63: =H63 -> 3 | V63: =I63 -> 0.125 | W63: =J63 -> 24 | X63: =IF(W63=0," ",IF(W63>1,1,)) -> 1 | AE63: =AE60+AE61 -> 8865.23
B64: =B51 -> SAb | C64: =C51 -> 45703 | H64: =D64+F64 -> 0 | I64: =IF(H64=0,0,AVERAGE(E64,G64)) -> 0 | J64: =IF(H64=0,0,H64/I64) -> 0
B65: =B52 -> Total Geral | D65: =SUM(D59:D64) -> 7 | E65: =IF(SUM(E59:E64)=0,0,AVERAGE(E59:E64)) -> 0.25 | F65: =SUM(F59:F64) -> 3 | G65: =IF(SUM(G59:G64)=0,0,AVERAGE(G59:G64)) -> 0.05 | H65: =D65+F65 -> 10 | I65: =AVERAGE(E65,G65) -> 0.15 | J65: =IF(I65=0,0,H65/I65) -> 66.666667 | U65: =D65+F65 -> 10 | V65: =SUM(V59:V63) -> 0.75 | W65: =SUM(W59:W63) -> 56 | X65: =COUNT(X59:X63) -> 3
W66: =W65/X65 -> 18.666667 | X66: =IF(W65=0,0,W66) -> 18.666667
B67: ='01jan'!B67 -> 7 | C67: ='01jan'!C67 -> 10 | D67: Celula M
B68: =IF(H77=0,0,IF(H77>=1,W78)) -> 6.4333333 | D68: 7:30 a 12:00 | F68: 13:00 a 17:18 | H68: =C71 -> 45698 | L68: =L56 -> Justificativa por não ter conseguido produzir a demanda. Preencher esta coluna quando a coluna ao lado "Faltaram", não estiver com "0"
D69: =D57 -> Prod. | E69: =E57 -> Func. | F69: =D69 -> Prod. | G69: =E69 -> Func. | H69: =H57 -> Qtd. | I69: =I57 -> Méd Func. | J69: =J57 -> Méd. Prod.
B70: Produtividade Média | T70: =T58 -> Data | U70: =U58 -> Qtd. | V70: =V58 -> Méd Func. | W70: =W58 -> Produtividade Diária
B71: =B59 -> Seg | C71: =C59 -> 45698 | D71: 3 | E71: 1 | F71: 0 | G71: 2 | H71: =D71+F71 -> 3 | I71: =IF(H71=0,0,AVERAGE(E71,G71)) -> 1.5 | J71: =IF(H71=0,0,H71/I71) -> 2 | T71: =C71 -> 45698 | U71: =H71 -> 3 | V71: =I71 -> 1.5 | W71: =J71 -> 2 | X71: =IF(W71=0," ",IF(W71>1,1,)) -> 1
B72: =B60 -> Ter | C72: =C60 -> 45699 | D72: 10 | E72: 2 | F72: 12 | G72: 2 | H72: =D72+F72 -> 22 | I72: =IF(H72=0,0,AVERAGE(E72,G72)) -> 2 | J72: =IF(H72=0,0,H72/I72) -> 11 | T72: =C72 -> 45699 | U72: =H72 -> 22 | V72: =I72 -> 2 | W72: =J72 -> 11 | X72: =IF(W72=0," ",IF(W72>1,1,)) -> 1
B73: =B61 -> Qua | C73: =C61 -> 45700 | D73: 18 | E73: 2 | F73: 7 | G73: 2 | H73: =D73+F73 -> 25 | I73: =IF(H73=0,0,AVERAGE(E73,G73)) -> 2 | J73: =IF(H73=0,0,H73/I73) -> 12.5 | T73: =C73 -> 45700 | U73: =H73 -> 25 | V73: =I73 -> 2 | W73: =J73 -> 12.5 | X73: =IF(W73=0," ",IF(W73>1,1,)) -> 1
B74: =B62 -> Qui | C74: =C62 -> 45701 | D74: 1 | E74: 1 | F74: 6 | G74: 2 | H74: =D74+F74 -> 7 | I74: =IF(H74=0,0,AVERAGE(E74,G74)) -> 1.5 | J74: =IF(H74=0,0,H74/I74) -> 4.6666667 | T74: =C74 -> 45701 | U74: =H74 -> 7 | V74: =I74 -> 1.5 | W74: =J74 -> 4.6666667 | X74: =IF(W74=0," ",IF(W74>1,1,)) -> 1
B75: =B63 -> Sex | C75: =C63 -> 45702 | D75: 2 | E75: 2 | F75: 0 | G75: 0 | H75: =D75+F75 -> 2 | I75: =IF(H75=0,0,AVERAGE(E75,G75)) -> 1 | J75: =IF(H75=0,0,H75/I75) -> 2 | T75: =C75 -> 45702 | U75: =H75 -> 2 | V75: =I75 -> 1 | W75: =J75 -> 2 | X75: =IF(W75=0," ",IF(W75>1,1,)) -> 1
B76: =B64 -> SAb | C76: =C64 -> 45703 | H76: =D76+F76 -> 0 | I76: =IF(H76=0,0,AVERAGE(E76,G76)) -> 0 | J76: =IF(H76=0,0,H76/I76) -> 0
B77: =B65 -> Total Geral | D77: =SUM(D71:D76) -> 34 | E77: =IF(SUM(E71:E76)=0,0,AVERAGE(E71:E76)) -> 1.6 | F77: =SUM(F71:F76) -> 25 | G77: =IF(SUM(G71:G76)=0,0,AVERAGE(G71:G76)) -> 1.6 | H77: =D77+F77 -> 59 | I77: =AVERAGE(E77,G77) -> 1.6 | J77: =IF(I77=0,0,H77/I77) -> 36.875 | U77: =D77+F77 -> 59 | V77: =SUM(V71:V75) -> 8 | W77: =SUM(W71:W75) -> 32.166667 | X77: =COUNT(X71:X75) -> 5
W78: =W77/X77 -> 6.4333333 | X78: =IF(W77=0,0,W78) -> 6.4333333
B80: Servicos Diversos | AI80: MARÇO
B81: =B71 -> Seg | C81: =C22 -> 45698 | AI81: ABRIL
B82: =B72 -> Ter | C82: =C23 -> 45699 | AI82: MAIO
B83: =B73 -> Qua | C83: =C24 -> 45700 | AI83: JUNHO
B84: =B74 -> Qui | C84: =C25 -> 45701 | AI84: JULHO
B85: =B75 -> Sex | C85: =C26 -> 45702 | AI85: AGOSTO
B86: =B76 -> SAb | C86: =C27 -> 45703 | AI86: SETEMBRO
AI87: OUTUBRO
AI88: NOVEMBRO
AI89: DEZEMBRO

Sheet 17fev
M2: =TODAY() -> 46034 | W2: 29
B6: ='01jan'!B6 -> 31 | C6: ='01jan'!C6 -> 32 | D6: Celula A
B7: =IF(H16=0,0,IF(H16>=1,W17)) -> 22.579526 | D7: 7:30 a 12:00 | F7: 13:00 a 17:18 | H7: =C10 -> 45705 | L7: Justificativa por não ter conseguido produzir a demanda. Preencher esta coluna quando a coluna ao lado "Faltaram", não estiver com "0"
D8: Prod. | E8: Func. | F8: =D8 -> Prod. | G8: =E8 -> Func. | H8: Qtd. | I8: Méd Func. | J8: Méd. Prod.
B9: Produtividade Média | K9: Não | T9: Data | U9: =H8 -> Qtd. | V9: =I8 -> Méd Func. | W9: Produtividade Diária
B10: Seg | C10: ='10fev'!C15+2 -> 45705 | D10: 46 | E10: 8 | F10: 142 | G10: 8 | H10: =D10+F10 -> 188 | I10: =IF(H10=0,0,AVERAGE(E10,G10)) -> 8 | J10: =IF(H10=0,0,H10/I10) -> 23.5 | K10: =IF(#REF!<>0,"Não","") -> #REF! | T10: =C10 -> 45705 | U10: =H10 -> 188 | V10: =I10 -> 8 | W10: =J10 -> 23.5 | X10: =IF(W10=0," ",IF(W10>1,1,)) -> 1
B11: Ter | C11: =C10+1 -> 45706 | D11: 53 | E11: 6 | F11: 106 | G11: 5.5 | H11: =D11+F11 -> 159 | I11: =IF(H11=0,0,AVERAGE(E11,G11)) -> 5.75 | J11: =IF(H11=0,0,H11/I11) -> 27.652174 | K11: =IF(#REF!<>0,"Não","") -> #REF! | T11: =C11 -> 45706 | U11: =H11 -> 159 | V11: =I11 -> 5.75 | W11: =J11 -> 27.652174 | X11: =IF(W11=0," ",IF(W11>1,1,)) -> 1
B12: Qua | C12: =C11+1 -> 45707 | D12: 62 | E12: 6 | F12: 32 | G12: 4 | H12: =D12+F12 -> 94 | I12: =IF(H12=0,0,AVERAGE(E12,G12)) -> 5 | J12: =IF(H12=0,0,H12/I12) -> 18.8 | K12: =IF(#REF!<>0,"Não","") -> #REF! | T12: =C12 -> 45707 | U12: =H12 -> 94 | V12: =I12 -> 5 | W12: =J12 -> 18.8 | X12: =IF(W12=0," ",IF(W12>1,1,)) -> 1
B13: Qui | C13: =C12+1 -> 45708 | D13: 95 | E13: 7.5 | F13: 73 | G13: 7.5 | H13: =D13+F13 -> 168 | I13: =IF(H13=0,0,AVERAGE(E13,G13)) -> 7.5 | J13: =IF(H13=0,0,H13/I13) -> 22.4 | K13: =IF(#REF!<>0,"Não","") -> #REF! | T13: =C13 -> 45708 | U13: =H13 -> 168 | V13: =I13 -> 7.5 | W13: =J13 -> 22.4 | X13: =IF(W13=0," ",IF(W13>1,1,)) -> 1
B14: Sex | C14: =C13+1 -> 45709 | D14: 60 | E14: 6 | F14: 53 | G14: 5 | H14: =D14+F14 -> 113 | I14: =IF(H14=0,0,AVERAGE(E14,G14)) -> 5.5 | J14: =IF(H14=0,0,H14/I14) -> 20.545455 | K14: =IF(#REF!<>0,"Não","") -> #REF! | T14: =C14 -> 45709 | U14: =H14 -> 113 | V14: =I14 -> 5.5 | W14: =J14 -> 20.545455 | X14: =IF(W14=0," ",IF(W14>1,1,)) -> 1
B15: SAb | C15: =C14+1 -> 45710 | D15: 37 | E15: 6 | F15: 0 | G15: 0 | H15: =D15+F15 -> 37 | I15: =IF(H15=0,0,AVERAGE(E15,G15)) -> 3 | J15: =IF(H15=0,0,H15/I15) -> 12.333333
B16: Total Geral | D16: =SUM(D10:D15) -> 353 | E16: =IF(SUM(E10:E15)=0,0,AVERAGE(E10:E15)) -> 6.5833333 | F16: =SUM(F10:F15) -> 406 | G16: =IF(SUM(G10:G15)=0,0,AVERAGE(G10:G15)) -> 5 | H16: =D16+F16 -> 759 | I16: =IF(H16=0,0,AVERAGE(E16,G16)) -> 5.7916667 | J16: =IF(H16=0,0,H16/I16) -> 131.05036 | U16: =D16+F16 -> 759 | V16: =SUM(V10:V14) -> 31.75 | W16: =SUM(W10:W14) -> 112.89763 | X16: =COUNT(X10:X14) -> 5
W17: =W16/X16 -> 22.579526 | X17: =IF(W16=0,0,W17) -> 22.579526
B18: ='01jan'!B18 -> 9 | C18: ='01jan'!C18 -> 20 | D18: Consertos de Portas
B19: =IF(H28=0,0,IF(H28>=1,W29)) -> 10.768254 | D19: 7:30 a 12:00 | F19: 13:00 a 17:18 | H19: =C22 -> 45705 | L19: =L7 -> Justificativa por não ter conseguido produzir a demanda. Preencher esta coluna quando a coluna ao lado "Faltaram", não estiver com "0"
D20: =D8 -> Prod. | E20: =E8 -> Func. | F20: =D20 -> Prod. | G20: =E20 -> Func. | H20: =H8 -> Qtd. | I20: =I8 -> Méd Func. | J20: =J8 -> Méd. Prod.
B21: =B9 -> Produtividade Média | K21: Não | T21: =T9 -> Data | U21: =U9 -> Qtd. | V21: =V9 -> Méd Func. | W21: =W9 -> Produtividade Diária
B22: =B10 -> Seg | C22: =C10 -> 45705 | D22: 2 | E22: 0.5 | F22: 4 | G22: 0.5 | H22: =D22+F22 -> 6 | I22: =IF(H22=0,0,AVERAGE(E22,G22)) -> 0.5 | J22: =IF(H22=0,0,H22/I22) -> 12 | K22: =IF(#REF!<>0,"Não","") -> #REF! | T22: =C22 -> 45705 | U22: =H22 -> 6 | V22: =I22 -> 0.5 | W22: =J22 -> 12 | X22: =IF(W22=0," ",IF(W22>1,1,)) -> 1
B23: =B11 -> Ter | C23: =C11 -> 45706 | D23: 8 | E23: 1 | F23: 6 | G23: 0.75 | H23: =D23+F23 -> 14 | I23: =IF(H23=0,0,AVERAGE(E23,G23)) -> 0.875 | J23: =IF(H23=0,0,H23/I23) -> 16 | K23: =IF(#REF!<>0,"Não","") -> #REF! | T23: =C23 -> 45706 | U23: =H23 -> 14 | V23: =I23 -> 0.875 | W23: =J23 -> 16 | X23: =IF(W23=0," ",IF(W23>1,1,)) -> 1
B24: =B12 -> Qua | C24: =C12 -> 45707 | D24: 5 | E24: 1 | F24: 4 | G24: 0.75 | H24: =D24+F24 -> 9 | I24: =IF(H24=0,0,AVERAGE(E24,G24)) -> 0.875 | J24: =IF(H24=0,0,H24/I24) -> 10.285714 | K24: =IF(#REF!<>0,"Não","") -> #REF! | T24: =C24 -> 45707 | U24: =H24 -> 9 | V24: =I24 -> 0.875 | W24: =J24 -> 10.285714 | X24: =IF(W24=0," ",IF(W24>1,1,)) -> 1
B25: =B13 -> Qui | C25: =C13 -> 45708 | D25: 2 | E25: 0.5 | F25: 5 | G25: 1 | H25: =D25+F25 -> 7 | I25: =IF(H25=0,0,AVERAGE(E25,G25)) -> 0.75 | J25: =IF(H25=0,0,H25/I25) -> 9.3333333 | K25: =IF(#REF!<>0,"Não","") -> #REF! | T25: =C25 -> 45708 | U25: =H25 -> 7 | V25: =I25 -> 0.75 | W25: =J25 -> 9.3333333 | X25: =IF(W25=0," ",IF(W25>1,1,)) -> 1
B26: =B14 -> Sex | C26: =C14 -> 45709 | D26: 2 | E26: 1.5 | F26: 5 | G26: 0.75 | H26: =D26+F26 -> 7 | I26: =IF(H26=0,0,AVERAGE(E26,G26)) -> 1.125 | J26: =IF(H26=0,0,H26/I26) -> 6.2222222 | K26: =IF(#REF!<>0,"Não","") -> #REF! | T26: =C26 -> 45709 | U26: =H26 -> 7 | V26: =I26 -> 1.125 | W26: =J26 -> 6.2222222 | X26: =IF(W26=0," ",IF(W26>1,1,)) -> 1
B27: =B15 -> SAb | C27: =C15 -> 45710 | D27: 6 | E27: 2 | H27: =D27+F27 -> 6 | I27: =IF(H27=0,0,AVERAGE(E27,G27)) -> 2 | J27: =IF(H27=0,0,H27/I27) -> 3
B28: =B16 -> Total Geral | D28: =SUM(D22:D27) -> 25 | E28: =IF(SUM(E22:E27)=0,0,AVERAGE(E22:E27)) -> 1.0833333 | F28: =SUM(F22:F27) -> 24 | G28: =IF(SUM(G22:G27)=0,0,AVERAGE(G22:G27)) -> 0.75 | H28: =D28+F28 -> 49 | I28: =AVERAGE(I22:I26) -> 0.825 | J28: =IF(H28=0,0,H28/I28) -> 59.393939 | U28: =D28+F28 -> 49 | V28: =SUM(V22:V26) -> 4.125 | W28: =SUM(W22:W26) -> 53.84127 | X28: =COUNT(X22:X26) -> 5
W29: =W28/X28 -> 10.768254 | X29: =IF(W28=0,0,W29) -> 10.768254
B30: ='01jan'!B30 -> 40 | C30: ='01jan'!C30 -> 45 | D30: Folhas Frisadas
B31: =IF(H40=0,0,IF(H40>=1,W41)) -> 52.053333 | D31: 7:30 a 12:00 | F31: 13:00 a 17:18 | H31: =C34 -> 45705 | L31: =L19 -> Justificativa por não ter conseguido produzir a demanda. Preencher esta coluna quando a coluna ao lado "Faltaram", não estiver com "0"
D32: =D20 -> Prod. | E32: =E20 -> Func. | F32: =D32 -> Prod. | G32: =E32 -> Func. | H32: =H20 -> Qtd. | I32: =I20 -> Méd Func. | J32: =J20 -> Méd. Prod.
B33: Produtividade Média | K33: Não | T33: =T21 -> Data | U33: =U21 -> Qtd. | V33: =V21 -> Méd Func. | W33: =W21 -> Produtividade Diária
B34: =B22 -> Seg | C34: =C10 -> 45705 | D34: 13 | E34: 0.5 | F34: 19 | G34: 0.5 | H34: =D34+F34 -> 32 | I34: =IF(H34=0,0,AVERAGE(E34,G34)) -> 0.5 | J34: =IF(H34=0,0,H34/I34) -> 64 | K34: =IF(#REF!<>0,"Não","") -> #REF! | T34: =C34 -> 45705 | U34: =H34 -> 32 | V34: =I34 -> 0.5 | W34: =J34 -> 64 | X34: =IF(W34=0," ",IF(W34>1,1,)) -> 1
B35: =B23 -> Ter | C35: =C11 -> 45706 | D35: 10 | E35: 0.5 | F35: 7 | G35: 0.25 | H35: =D35+F35 -> 17 | I35: =IF(H35=0,0,AVERAGE(E35,G35)) -> 0.375 | J35: =IF(H35=0,0,H35/I35) -> 45.333333 | K35: =IF(#REF!<>0,"Não","") -> #REF! | T35: =C35 -> 45706 | U35: =H35 -> 17 | V35: =I35 -> 0.375 | W35: =J35 -> 45.333333 | X35: =IF(W35=0," ",IF(W35>1,1,)) -> 1
B36: =B24 -> Qua | C36: =C12 -> 45707 | D36: 15 | E36: 0.5 | F36: 20 | G36: 0.75 | H36: =D36+F36 -> 35 | I36: =IF(H36=0,0,AVERAGE(E36,G36)) -> 0.625 | J36: =IF(H36=0,0,H36/I36) -> 56 | K36: =IF(#REF!<>0,"Não","") -> #REF! | T36: =C36 -> 45707 | U36: =H36 -> 35 | V36: =I36 -> 0.625 | W36: =J36 -> 56 | X36: =IF(W36=0," ",IF(W36>1,1,)) -> 1
B37: =B25 -> Qui | C37: =C13 -> 45708 | D37: 24 | E37: 1 | F37: 7 | G37: 0.25 | H37: =D37+F37 -> 31 | I37: =IF(H37=0,0,AVERAGE(E37,G37)) -> 0.625 | J37: =IF(H37=0,0,H37/I37) -> 49.6 | K37: =IF(#REF!<>0,"Não","") -> #REF! | T37: =C37 -> 45708 | U37: =H37 -> 31 | V37: =I37 -> 0.625 | W37: =J37 -> 49.6 | X37: =IF(W37=0," ",IF(W37>1,1,)) -> 1
B38: =B26 -> Sex | C38: =C14 -> 45709 | D38: 17 | E38: 0.75 | F38: 0 | G38: 0 | H38: =D38+F38 -> 17 | I38: =IF(H38=0,0,AVERAGE(E38,G38)) -> 0.375 | J38: =IF(H38=0,0,H38/I38) -> 45.333333 | K38: =IF(#REF!<>0,"Não","") -> #REF! | T38: =C38 -> 45709 | U38: =H38 -> 17 | V38: =I38 -> 0.375 | W38: =J38 -> 45.333333 | X38: =IF(W38=0," ",IF(W38>1,1,)) -> 1
B39: =B27 -> SAb | C39: =C15 -> 45710 | H39: =D39+F39 -> 0 | I39: =IF(H39=0,0,AVERAGE(E39,G39)) -> 0 | J39: =IF(H39=0,0,H39/I39) -> 0
B40: =B28 -> Total Geral | D40: =SUM(D34:D39) -> 79 | E40: =IF(SUM(E34:E39)=0,0,AVERAGE(E34:E39)) -> 0.65 | F40: =SUM(F34:F39) -> 53 | G40: =IF(SUM(G34:G39)=0,0,AVERAGE(G34:G39)) -> 0.35 | H40: =D40+F40 -> 132 | I40: =AVERAGE(I34:I38) -> 0.5 | J40: 0 | U40: =D40+F40 -> 132 | V40: =SUM(V34:V38) -> 2.5 | W40: =SUM(W34:W38) -> 260.26667 | X40: =COUNT(X34:X38) -> 5
W41: =W40/X40 -> 52.053333 | X41: =IF(W40=0,0,W41) -> 52.053333
B42: ='01jan'!B42 -> 10 | C42: ='01jan'!C42 -> 20 | D42: Embalagens
B43: =IF(H52=0,0,IF(H52>1,W53)) -> 47.573333 | D43: 7:30 a 12:00 | F43: 13:00 a 17:18 | H43: =C46 -> 45705 | L43: =L31 -> Justificativa por não ter conseguido produzir a demanda. Preencher esta coluna quando a coluna ao lado "Faltaram", não estiver com "0"
D44: =D32 -> Prod. | E44: =E32 -> Func. | F44: =F32 -> Prod. | G44: =G32 -> Func. | H44: =H32 -> Qtd. | I44: =I32 -> Méd Func. | J44: =J32 -> Méd. Prod.
B45: Produtividade Média | K45: Não | T45: =T33 -> Data | U45: =U33 -> Qtd. | V45: =V33 -> Méd Func. | W45: =W33 -> Produtividade Diária
B46: =B34 -> Seg | C46: =C10 -> 45705 | D46: 10 | E46: 0.5 | F46: 0 | G46: 0 | H46: =D46+F46 -> 10 | I46: =IF(H46=0,0,AVERAGE(E46,G46)) -> 0.25 | J46: =IF(H46=0,0,H46/I46) -> 40 | K46: =IF(#REF!<>0,"Não","") -> #REF! | T46: =C46 -> 45705 | U46: =H46 -> 10 | V46: =I46 -> 0.25 | W46: =J46 -> 40 | X46: =IF(W46=0," ",IF(W46>1,1,)) -> 1
B47: =B35 -> Ter | C47: =C11 -> 45706 | D47: 12 | E47: 0.5 | F47: 15 | G47: 0.75 | H47: =D47+F47 -> 27 | I47: =IF(H47=0,0,AVERAGE(E47,G47)) -> 0.625 | J47: =IF(H47=0,0,H47/I47) -> 43.2 | K47: =IF(#REF!<>0,"Não","") -> #REF! | T47: =C47 -> 45706 | U47: =H47 -> 27 | V47: =I47 -> 0.625 | W47: =J47 -> 43.2 | X47: =IF(W47=0," ",IF(W47>1,1,)) -> 1
B48: =B36 -> Qua | C48: =C12 -> 45707 | D48: 0 | E48: 0 | F48: 15 | G48: 0.5 | H48: =D48+F48 -> 15 | I48: =IF(H48=0,0,AVERAGE(E48,G48)) -> 0.25 | J48: =IF(H48=0,0,H48/I48) -> 60 | K48: =IF(#REF!<>0,"Não","") -> #REF! | T48: =C48 -> 45707 | U48: =H48 -> 15 | V48: =I48 -> 0.25 | W48: =J48 -> 60 | X48: =IF(W48=0," ",IF(W48>1,1,)) -> 1
B49: =B37 -> Qui | C49: =C13 -> 45708 | D49: 6 | E49: 0.25 | F49: 10 | G49: 0.5 | H49: =D49+F49 -> 16 | I49: =IF(H49=0,0,AVERAGE(E49,G49)) -> 0.375 | J49: =IF(H49=0,0,H49/I49) -> 42.666667 | K49: =IF(#REF!<>0,"Não","") -> #REF! | T49: =C49 -> 45708 | U49: =H49 -> 16 | V49: =I49 -> 0.375 | W49: =J49 -> 42.666667 | X49: =IF(W49=0," ",IF(W49>1,1,)) -> 1
B50: =B38 -> Sex | C50: =C14 -> 45709 | D50: 8 | E50: 0.25 | F50: 5 | G50: 0.25 | H50: =D50+F50 -> 13 | I50: =IF(H50=0,0,AVERAGE(E50,G50)) -> 0.25 | J50: =IF(H50=0,0,H50/I50) -> 52 | K50: =IF(#REF!<>0,"Não","") -> #REF! | T50: =C50 -> 45709 | U50: =H50 -> 13 | V50: =I50 -> 0.25 | W50: =J50 -> 52 | X50: =IF(W50=0," ",IF(W50>1,1,)) -> 1
B51: =B39 -> SAb | C51: =C15 -> 45710 | H51: =D51+F51 -> 0 | I51: =IF(H51=0,0,AVERAGE(E51,G51)) -> 0 | J51: =IF(H51=0,0,H51/I51) -> 0
B52: =B40 -> Total Geral | D52: =SUM(D46:D51) -> 36 | E52: =IF(SUM(E46:E51)=0,0,AVERAGE(E46:E51)) -> 0.3 | F52: =SUM(F46:F51) -> 45 | G52: =IF(SUM(G46:G51)=0,0,AVERAGE(G46:G51)) -> 0.4 | H52: =D52+F52 -> 81 | I52: =AVERAGE(E52,G52) -> 0.35 | J52: =IF(I52=0,0,H52/I52) -> 231.42857 | U52: =D52+F52 -> 81 | V52: =SUM(V46:V50) -> 1.75 | W52: =SUM(W46:W50) -> 237.86667 | X52: =COUNT(X46:X50) -> 5
W53: =W52/X52 -> 47.573333 | X53: =IF(W52=0,0,W53) -> 47.573333
W54: =#REF!/#REF! -> #REF! | X54: =IF(#REF!=0,0,W54) -> #REF!
B55: ='01jan'!B55 -> 9 | C55: ='01jan'!C55 -> 10 | D55: Portas Pintadas
B56: =IF(H65=0,0,IF(H65>=1,W66)) -> 8.5 | D56: 7:30 a 12:00 | F56: 13:00 a 17:18 | H56: =C59 -> 45705 | L56: =L43 -> Justificativa por não ter conseguido produzir a demanda. Preencher esta coluna quando a coluna ao lado "Faltaram", não estiver com "0"
D57: =D44 -> Prod. | E57: =E44 -> Func. | F57: =F44 -> Prod. | G57: =G44 -> Func. | H57: =H44 -> Qtd. | I57: =I44 -> Méd Func. | J57: =J44 -> Méd. Prod.
B58: Produtividade Média | K58: Não | T58: =T45 -> Data | U58: =U45 -> Qtd. | V58: =V45 -> Méd Func. | W58: =W45 -> Produtividade Diária
B59: =B46 -> Seg | C59: =C46 -> 45705 | D59: 0 | E59: 0 | F59: 2 | G59: 0.5 | H59: =D59+F59 -> 2 | I59: =IF(H59=0,0,AVERAGE(E59,G59)) -> 0.25 | J59: =IF(H59=0,0,H59/I59) -> 8 | K59: =IF(#REF!<>0,"Não","") -> #REF! | T59: =C59 -> 45705 | U59: =H59 -> 2 | V59: =I59 -> 0.25 | W59: =J59 -> 8 | X59: =IF(W59=0," ",IF(W59>1,1,)) -> 1 | AE59: 175.02 | AG59: =AE59*8 -> 1400.16
B60: =B47 -> Ter | C60: =C47 -> 45706 | D60: 2 | E60: 0.5 | F60: 3 | G60: 0.5 | H60: =D60+F60 -> 5 | I60: =IF(H60=0,0,AVERAGE(E60,G60)) -> 0.5 | J60: =IF(H60=0,0,H60/I60) -> 10 | K60: =IF(#REF!<>0,"Não","") -> #REF! | T60: =C60 -> 45706 | U60: =H60 -> 5 | V60: =I60 -> 0.5 | W60: =J60 -> 10 | X60: =IF(W60=0," ",IF(W60>1,1,)) -> 1 | AE60: =AE59*6 -> 1050.12
B61: =B48 -> Qua | C61: =C48 -> 45707 | D61: 1 | E61: 0.5 | F61: 0 | G61: 0 | H61: =D61+F61 -> 1 | I61: =IF(H61=0,0,AVERAGE(E61,G61)) -> 0.25 | J61: =IF(H61=0,0,H61/I61) -> 4 | K61: =IF(#REF!<>0,"Não","") -> #REF! | T61: =C61 -> 45707 | U61: =H61 -> 1 | V61: =I61 -> 0.25 | W61: =J61 -> 4 | X61: =IF(W61=0," ",IF(W61>1,1,)) -> 1 | AE61: 7815.11
B62: =B49 -> Qui | C62: =C49 -> 45708 | D62: 0 | E62: 0 | F62: 6 | G62: 1 | H62: =D62+F62 -> 6 | I62: =IF(H62=0,0,AVERAGE(E62,G62)) -> 0.5 | J62: =IF(H62=0,0,H62/I62) -> 12 | K62: =IF(#REF!<>0,"Não","") -> #REF! | T62: =C62 -> 45708 | U62: =H62 -> 6 | V62: =I62 -> 0.5 | W62: =J62 -> 12 | X62: =IF(W62=0," ",IF(W62>1,1,)) -> 1
B63: =B50 -> Sex | C63: =C50 -> 45709 | D63: 0 | E63: 0 | F63: 2 | G63: 0.75 | H63: 0 | I63: =IF(H63=0,0,AVERAGE(E63,G63)) -> 0 | J63: =IF(H63=0,0,H63/I63) -> 0 | K63: =IF(#REF!<>0,"Não","") -> #REF! | T63: =C63 -> 45709 | U63: =H63 -> 0 | V63: =I63 -> 0 | W63: =J63 -> 0 | X63: =IF(W63=0," ",IF(W63>1,1,)) | AE63: =AE60+AE61 -> 8865.23
B64: =B51 -> SAb | C64: =C51 -> 45710 | H64: =D64+F64 -> 0 | I64: =IF(H64=0,0,AVERAGE(E64,G64)) -> 0 | J64: =IF(H64=0,0,H64/I64) -> 0
B65: =B52 -> Total Geral | D65: =SUM(D59:D64) -> 3 | E65: =IF(SUM(E59:E64)=0,0,AVERAGE(E59:E64)) -> 0.2 | F65: =SUM(F59:F64) -> 13 | G65: =IF(SUM(G59:G64)=0,0,AVERAGE(G59:G64)) -> 0.55 | H65: =D65+F65 -> 16 | I65: =AVERAGE(E65,G65) -> 0.375 | J65: =IF(I65=0,0,H65/I65) -> 42.666667 | U65: =D65+F65 -> 16 | V65: =SUM(V59:V63) -> 1.5 | W65: =SUM(W59:W63) -> 34 | X65: =COUNT(X59:X63) -> 4
W66: =W65/X65 -> 8.5 | X66: =IF(W65=0,0,W66) -> 8.5
B67: ='01jan'!B67 -> 7 | C67: ='01jan'!C67 -> 10 | D67: Celula M
B68: =IF(H77=0,0,IF(H77>=1,W78)) -> 6.3666667 | D68: 7:30 a 12:00 | F68: 13:00 a 17:18 | H68: =C71 -> 45705 | L68: =L56 -> Justificativa por não ter conseguido produzir a demanda. Preencher esta coluna quando a coluna ao lado "Faltaram", não estiver com "0"
D69: =D57 -> Prod. | E69: =E57 -> Func. | F69: =D69 -> Prod. | G69: =E69 -> Func. | H69: =H57 -> Qtd. | I69: =I57 -> Méd Func. | J69: =J57 -> Méd. Prod.
B70: Produtividade Média | T70: =T58 -> Data | U70: =U58 -> Qtd. | V70: =V58 -> Méd Func. | W70: =W58 -> Produtividade Diária
B71: =B59 -> Seg | C71: =C59 -> 45705 | D71: 4 | E71: 2 | F71: 9 | G71: 2 | H71: =D71+F71 -> 13 | I71: =IF(H71=0,0,AVERAGE(E71,G71)) -> 2 | J71: =IF(H71=0,0,H71/I71) -> 6.5 | T71: =C71 -> 45705 | U71: =H71 -> 13 | V71: =I71 -> 2 | W71: =J71 -> 6.5 | X71: =IF(W71=0," ",IF(W71>1,1,)) -> 1
B72: =B60 -> Ter | C72: =C60 -> 45706 | D72: 4 | E72: 2 | F72: 8 | G72: 2 | H72: =D72+F72 -> 12 | I72: =IF(H72=0,0,AVERAGE(E72,G72)) -> 2 | J72: =IF(H72=0,0,H72/I72) -> 6 | T72: =C72 -> 45706 | U72: =H72 -> 12 | V72: =I72 -> 2 | W72: =J72 -> 6 | X72: =IF(W72=0," ",IF(W72>1,1,)) -> 1
B73: =B61 -> Qua | C73: =C61 -> 45707 | D73: 3 | E73: 2 | F73: 2 | G73: 1 | H73: =D73+F73 -> 5 | I73: =IF(H73=0,0,AVERAGE(E73,G73)) -> 1.5 | J73: =IF(H73=0,0,H73/I73) -> 3.3333333 | T73: =C73 -> 45707 | U73: =H73 -> 5 | V73: =I73 -> 1.5 | W73: =J73 -> 3.3333333 | X73: =IF(W73=0," ",IF(W73>1,1,)) -> 1
B74: =B62 -> Qui | C74: =C62 -> 45708 | D74: 0 | E74: 1 | F74: 3 | G74: 1 | H74: =D74+F74 -> 3 | I74: =IF(H74=0,0,AVERAGE(E74,G74)) -> 1 | J74: =IF(H74=0,0,H74/I74) -> 3 | T74: =C74 -> 45708 | U74: =H74 -> 3 | V74: =I74 -> 1 | W74: =J74 -> 3 | X74: =IF(W74=0," ",IF(W74>1,1,)) -> 1
B75: =B63 -> Sex | C75: =C63 -> 45709 | D75: 11 | E75: 1 | F75: 2 | G75: 1 | H75: =D75+F75 -> 13 | I75: =IF(H75=0,0,AVERAGE(E75,G75)) -> 1 | J75: =IF(H75=0,0,H75/I75) -> 13 | T75: =C75 -> 45709 | U75: =H75 -> 13 | V75: =I75 -> 1 | W75: =J75 -> 13 | X75: =IF(W75=0," ",IF(W75>1,1,)) -> 1
B76: =B64 -> SAb | C76: =C64 -> 45710 | H76: =D76+F76 -> 0 | I76: =IF(H76=0,0,AVERAGE(E76,G76)) -> 0 | J76: =IF(H76=0,0,H76/I76) -> 0
B77: =B65 -> Total Geral | D77: =SUM(D71:D76) -> 22 | E77: =IF(SUM(E71:E76)=0,0,AVERAGE(E71:E76)) -> 1.6 | F77: =SUM(F71:F76) -> 24 | G77: =IF(SUM(G71:G76)=0,0,AVERAGE(G71:G76)) -> 1.4 | H77: =D77+F77 -> 46 | I77: =AVERAGE(E77,G77) -> 1.5 | J77: =IF(I77=0,0,H77/I77) -> 30.666667 | U77: =D77+F77 -> 46 | V77: =SUM(V71:V75) -> 7.5 | W77: =SUM(W71:W75) -> 31.833333 | X77: =COUNT(X71:X75) -> 5
W78: =W77/X77 -> 6.3666667 | X78: =IF(W77=0,0,W78) -> 6.3666667
B80: Servicos Diversos | AI80: MARÇO
B81: =B71 -> Seg | C81: =C22 -> 45705 | AI81: ABRIL
B82: =B72 -> Ter | C82: =C23 -> 45706 | AI82: MAIO
B83: =B73 -> Qua | C83: =C24 -> 45707 | AI83: JUNHO
B84: =B74 -> Qui | C84: =C25 -> 45708 | AI84: JULHO
B85: =B75 -> Sex | C85: =C26 -> 45709 | AI85: AGOSTO
B86: =B76 -> SAb | C86: =C27 -> 45710 | AI86: SETEMBRO
AI87: OUTUBRO
AI88: NOVEMBRO
AI89: DEZEMBRO

Sheet 24fev
M2: =TODAY() -> 46034 | W2: 29
B6: ='01jan'!B6 -> 31 | C6: ='01jan'!C6 -> 32 | D6: Celula A
B7: =IF(H16=0,0,IF(H16>=1,W17)) -> 24.969564 | D7: 7:30 a 12:00 | F7: 13:00 a 17:18 | H7: =C10 -> 45712 | L7: Justificativa por não ter conseguido produzir a demanda. Preencher esta coluna quando a coluna ao lado "Faltaram", não estiver com "0"
D8: Prod. | E8: Func. | F8: =D8 -> Prod. | G8: =E8 -> Func. | H8: Qtd. | I8: Méd Func. | J8: Méd. Prod.
B9: Produtividade Média | K9: Não | T9: Data | U9: =H8 -> Qtd. | V9: =I8 -> Méd Func. | W9: Produtividade Diária
B10: Seg | C10: ='17fev'!C15+2 -> 45712 | D10: 97 | E10: 6.5 | F10: 54 | G10: 6 | H10: =D10+F10 -> 151 | I10: =IF(H10=0,0,AVERAGE(E10,G10)) -> 6.25 | J10: =IF(H10=0,0,H10/I10) -> 24.16 | K10: =IF(#REF!<>0,"Não","") -> #REF! | T10: =C10 -> 45712 | U10: =H10 -> 151 | V10: =I10 -> 6.25 | W10: =J10 -> 24.16 | X10: =IF(W10=0," ",IF(W10>1,1,)) -> 1
B11: Ter | C11: =C10+1 -> 45713 | D11: 114 | E11: 7 | F11: 67 | G11: 6 | H11: =D11+F11 -> 181 | I11: =IF(H11=0,0,AVERAGE(E11,G11)) -> 6.5 | J11: =IF(H11=0,0,H11/I11) -> 27.846154 | K11: =IF(#REF!<>0,"Não","") -> #REF! | T11: =C11 -> 45713 | U11: =H11 -> 181 | V11: =I11 -> 6.5 | W11: =J11 -> 27.846154 | X11: =IF(W11=0," ",IF(W11>1,1,)) -> 1
B12: Qua | C12: =C11+1 -> 45714 | D12: 71 | E12: 6 | F12: 62 | G12: 6 | H12: =D12+F12 -> 133 | I12: =IF(H12=0,0,AVERAGE(E12,G12)) -> 6 | J12: =IF(H12=0,0,H12/I12) -> 22.166667 | K12: =IF(#REF!<>0,"Não","") -> #REF! | T12: =C12 -> 45714 | U12: =H12 -> 133 | V12: =I12 -> 6 | W12: =J12 -> 22.166667 | X12: =IF(W12=0," ",IF(W12>1,1,)) -> 1
B13: Qui | C13: =C12+1 -> 45715 | D13: 71 | E13: 5 | F13: 43 | G13: 5 | H13: =D13+F13 -> 114 | I13: =IF(H13=0,0,AVERAGE(E13,G13)) -> 5 | J13: =IF(H13=0,0,H13/I13) -> 22.8 | K13: =IF(#REF!<>0,"Não","") -> #REF! | T13: =C13 -> 45715 | U13: =H13 -> 114 | V13: =I13 -> 5 | W13: =J13 -> 22.8 | X13: =IF(W13=0," ",IF(W13>1,1,)) -> 1
B14: Sex | C14: =C13+1 -> 45716 | D14: 103 | E14: 8 | F14: 120 | G14: 8 | H14: =D14+F14 -> 223 | I14: =IF(H14=0,0,AVERAGE(E14,G14)) -> 8 | J14: =IF(H14=0,0,H14/I14) -> 27.875 | K14: =IF(#REF!<>0,"Não","") -> #REF! | T14: =C14 -> 45716 | U14: =H14 -> 223 | V14: =I14 -> 8 | W14: =J14 -> 27.875 | X14: =IF(W14=0," ",IF(W14>1,1,)) -> 1
B15: SAb | C15: =C14+1 -> 45717 | H15: =D15+F15 -> 0 | I15: =IF(H15=0,0,AVERAGE(E15,G15)) -> 0 | J15: =IF(H15=0,0,H15/I15) -> 0
B16: Total Geral | D16: =SUM(D10:D15) -> 456 | E16: =IF(SUM(E10:E15)=0,0,AVERAGE(E10:E15)) -> 6.5 | F16: =SUM(F10:F15) -> 346 | G16: =IF(SUM(G10:G15)=0,0,AVERAGE(G10:G15)) -> 6.2 | H16: =D16+F16 -> 802 | I16: =IF(H16=0,0,AVERAGE(E16,G16)) -> 6.35 | J16: =IF(H16=0,0,H16/I16) -> 126.29921 | U16: =D16+F16 -> 802 | V16: =SUM(V10:V14) -> 31.75 | W16: =SUM(W10:W14) -> 124.84782 | X16: =COUNT(X10:X14) -> 5
W17: =W16/X16 -> 24.969564 | X17: =IF(W16=0,0,W17) -> 24.969564
B18: ='01jan'!B18 -> 9 | C18: ='01jan'!C18 -> 20 | D18: Consertos de Portas
B19: =IF(H28=0,0,IF(H28>=1,W29)) -> 10.88 | D19: 7:30 a 12:00 | F19: 13:00 a 17:18 | H19: =C22 -> 45712 | L19: =L7 -> Justificativa por não ter conseguido produzir a demanda. Preencher esta coluna quando a coluna ao lado "Faltaram", não estiver com "0"
D20: =D8 -> Prod. | E20: =E8 -> Func. | F20: =D20 -> Prod. | G20: =E20 -> Func. | H20: =H8 -> Qtd. | I20: =I8 -> Méd Func. | J20: =J8 -> Méd. Prod.
B21: =B9 -> Produtividade Média | K21: Não | T21: =T9 -> Data | U21: =U9 -> Qtd. | V21: =V9 -> Méd Func. | W21: =W9 -> Produtividade Diária
B22: =B10 -> Seg | C22: =C10 -> 45712 | D22: 3 | E22: 0.75 | F22: 0 | G22: 0 | H22: =D22+F22 -> 3 | I22: =IF(H22=0,0,AVERAGE(E22,G22)) -> 0.375 | J22: =IF(H22=0,0,H22/I22) -> 8 | K22: =IF(#REF!<>0,"Não","") -> #REF! | T22: =C22 -> 45712 | U22: =H22 -> 3 | V22: =I22 -> 0.375 | W22: =J22 -> 8 | X22: =IF(W22=0," ",IF(W22>1,1,)) -> 1
B23: =B11 -> Ter | C23: =C11 -> 45713 | D23: 4 | E23: 0.75 | F23: 5 | G23: 0.5 | H23: =D23+F23 -> 9 | I23: =IF(H23=0,0,AVERAGE(E23,G23)) -> 0.625 | J23: =IF(H23=0,0,H23/I23) -> 14.4 | K23: =IF(#REF!<>0,"Não","") -> #REF! | T23: =C23 -> 45713 | U23: =H23 -> 9 | V23: =I23 -> 0.625 | W23: =J23 -> 14.4 | X23: =IF(W23=0," ",IF(W23>1,1,)) -> 1
B24: =B12 -> Qua | C24: =C12 -> 45714 | D24: 3 | E24: 0.75 | F24: 1 | G24: 0.25 | H24: =D24+F24 -> 4 | I24: =IF(H24=0,0,AVERAGE(E24,G24)) -> 0.5 | J24: =IF(H24=0,0,H24/I24) -> 8 | K24: =IF(#REF!<>0,"Não","") -> #REF! | T24: =C24 -> 45714 | U24: =H24 -> 4 | V24: =I24 -> 0.5 | W24: =J24 -> 8 | X24: =IF(W24=0," ",IF(W24>1,1,)) -> 1
B25: =B13 -> Qui | C25: =C13 -> 45715 | D25: 2 | E25: 0.5 | F25: 0 | G25: 0 | H25: =D25+F25 -> 2 | I25: =IF(H25=0,0,AVERAGE(E25,G25)) -> 0.25 | J25: =IF(H25=0,0,H25/I25) -> 8 | K25: =IF(#REF!<>0,"Não","") -> #REF! | T25: =C25 -> 45715 | U25: =H25 -> 2 | V25: =I25 -> 0.25 | W25: =J25 -> 8 | X25: =IF(W25=0," ",IF(W25>1,1,)) -> 1
B26: =B14 -> Sex | C26: =C14 -> 45716 | D26: 2 | E26: 0.25 | F26: 0 | G26: 0 | H26: =D26+F26 -> 2 | I26: =IF(H26=0,0,AVERAGE(E26,G26)) -> 0.125 | J26: =IF(H26=0,0,H26/I26) -> 16 | K26: =IF(#REF!<>0,"Não","") -> #REF! | T26: =C26 -> 45716 | U26: =H26 -> 2 | V26: =I26 -> 0.125 | W26: =J26 -> 16 | X26: =IF(W26=0," ",IF(W26>1,1,)) -> 1
B27: =B15 -> SAb | C27: =C15 -> 45717 | H27: =D27+F27 -> 0 | I27: =IF(H27=0,0,AVERAGE(E27,G27)) -> 0 | J27: =IF(H27=0,0,H27/I27) -> 0
B28: =B16 -> Total Geral | D28: =SUM(D22:D27) -> 14 | E28: =IF(SUM(E22:E27)=0,0,AVERAGE(E22:E27)) -> 0.6 | F28: =SUM(F22:F27) -> 6 | G28: =IF(SUM(G22:G27)=0,0,AVERAGE(G22:G27)) -> 0.15 | H28: =D28+F28 -> 20 | I28: =AVERAGE(I22:I26) -> 0.375 | J28: =IF(H28=0,0,H28/I28) -> 53.333333 | U28: =D28+F28 -> 20 | V28: =SUM(V22:V26) -> 1.875 | W28: =SUM(W22:W26) -> 54.4 | X28: =COUNT(X22:X26) -> 5
W29: =W28/X28 -> 10.88 | X29: =IF(W28=0,0,W29) -> 10.88
B30: ='01jan'!B30 -> 40 | C30: ='01jan'!C30 -> 45 | D30: Folhas Frisadas
B31: =IF(H40=0,0,IF(H40>=1,W41)) -> 40.8 | D31: 7:30 a 12:00 | F31: 13:00 a 17:18 | H31: =C34 -> 45712 | L31: =L19 -> Justificativa por não ter conseguido produzir a demanda. Preencher esta coluna quando a coluna ao lado "Faltaram", não estiver com "0"
D32: =D20 -> Prod. | E32: =E20 -> Func. | F32: =D32 -> Prod. | G32: =E32 -> Func. | H32: =H20 -> Qtd. | I32: =I20 -> Méd Func. | J32: =J20 -> Méd. Prod.
B33: Produtividade Média | K33: Não | T33: =T21 -> Data | U33: =U21 -> Qtd. | V33: =V21 -> Méd Func. | W33: =W21 -> Produtividade Diária
B34: =B22 -> Seg | C34: =C10 -> 45712 | D34: 0 | E34: 0 | F34: 4 | G34: 0.5 | H34: =D34+F34 -> 4 | I34: =IF(H34=0,0,AVERAGE(E34,G34)) -> 0.25 | J34: =IF(H34=0,0,H34/I34) -> 16 | K34: =IF(#REF!<>0,"Não","") -> #REF! | T34: =C34 -> 45712 | U34: =H34 -> 4 | V34: =I34 -> 0.25 | W34: =J34 -> 16 | X34: =IF(W34=0," ",IF(W34>1,1,)) -> 1
B35: =B23 -> Ter | C35: =C11 -> 45713 | D35: 13 | E35: 0.5 | F35: 14 | G35: 0.5 | H35: =D35+F35 -> 27 | I35: =IF(H35=0,0,AVERAGE(E35,G35)) -> 0.5 | J35: =IF(H35=0,0,H35/I35) -> 54 | K35: =IF(#REF!<>0,"Não","") -> #REF! | T35: =C35 -> 45713 | U35: =H35 -> 27 | V35: =I35 -> 0.5 | W35: =J35 -> 54 | X35: =IF(W35=0," ",IF(W35>1,1,)) -> 1
B36: =B24 -> Qua | C36: =C12 -> 45714 | D36: 16 | E36: 0.75 | F36: 0 | G36: 0 | H36: =D36+F36 -> 16 | I36: =IF(H36=0,0,AVERAGE(E36,G36)) -> 0.375 | J36: =IF(H36=0,0,H36/I36) -> 42.666667 | K36: =IF(#REF!<>0,"Não","") -> #REF! | T36: =C36 -> 45714 | U36: =H36 -> 16 | V36: =I36 -> 0.375 | W36: =J36 -> 42.666667 | X36: =IF(W36=0," ",IF(W36>1,1,)) -> 1
B37: =B25 -> Qui | C37: =C13 -> 45715 | D37: 6 | E37: 0.25 | F37: 11 | G37: 0.5 | H37: =D37+F37 -> 17 | I37: =IF(H37=0,0,AVERAGE(E37,G37)) -> 0.375 | J37: =IF(H37=0,0,H37/I37) -> 45.333333 | K37: =IF(#REF!<>0,"Não","") -> #REF! | T37: =C37 -> 45715 | U37: =H37 -> 17 | V37: =I37 -> 0.375 | W37: =J37 -> 45.333333 | X37: =IF(W37=0," ",IF(W37>1,1,)) -> 1
B38: =B26 -> Sex | C38: =C14 -> 45716 | D38: 13 | E38: 0.5 | F38: 10 | G38: 0.5 | H38: =D38+F38 -> 23 | I38: =IF(H38=0,0,AVERAGE(E38,G38)) -> 0.5 | J38: =IF(H38=0,0,H38/I38) -> 46 | K38: =IF(#REF!<>0,"Não","") -> #REF! | T38: =C38 -> 45716 | U38: =H38 -> 23 | V38: =I38 -> 0.5 | W38: =J38 -> 46 | X38: =IF(W38=0," ",IF(W38>1,1,)) -> 1
B39: =B27 -> SAb | C39: =C15 -> 45717 | H39: =D39+F39 -> 0 | I39: =IF(H39=0,0,AVERAGE(E39,G39)) -> 0 | J39: =IF(H39=0,0,H39/I39) -> 0
B40: =B28 -> Total Geral | D40: =SUM(D34:D39) -> 48 | E40: =IF(SUM(E34:E39)=0,0,AVERAGE(E34:E39)) -> 0.4 | F40: =SUM(F34:F39) -> 39 | G40: =IF(SUM(G34:G39)=0,0,AVERAGE(G34:G39)) -> 0.4 | H40: =D40+F40 -> 87 | I40: =AVERAGE(I34:I38) -> 0.4 | J40: 0 | U40: =D40+F40 -> 87 | V40: =SUM(V34:V38) -> 2 | W40: =SUM(W34:W38) -> 204 | X40: =COUNT(X34:X38) -> 5
W41: =W40/X40 -> 40.8 | X41: =IF(W40=0,0,W41) -> 40.8
B42: ='01jan'!B42 -> 10 | C42: ='01jan'!C42 -> 20 | D42: Embalagens
B43: =IF(H52=0,0,IF(H52>1,W53)) -> 40.5 | D43: 7:30 a 12:00 | F43: 13:00 a 17:18 | H43: =C46 -> 45712 | L43: =L31 -> Justificativa por não ter conseguido produzir a demanda. Preencher esta coluna quando a coluna ao lado "Faltaram", não estiver com "0"
D44: =D32 -> Prod. | E44: =E32 -> Func. | F44: =F32 -> Prod. | G44: =G32 -> Func. | H44: =H32 -> Qtd. | I44: =I32 -> Méd Func. | J44: =J32 -> Méd. Prod.
B45: Produtividade Média | K45: Não | T45: =T33 -> Data | U45: =U33 -> Qtd. | V45: =V33 -> Méd Func. | W45: =W33 -> Produtividade Diária
B46: =B34 -> Seg | C46: =C10 -> 45712 | D46: 10 | E46: 0.5 | F46: 12 | G46: 0.5 | H46: =D46+F46 -> 22 | I46: =IF(H46=0,0,AVERAGE(E46,G46)) -> 0.5 | J46: =IF(H46=0,0,H46/I46) -> 44 | K46: =IF(#REF!<>0,"Não","") -> #REF! | T46: =C46 -> 45712 | U46: =H46 -> 22 | V46: =I46 -> 0.5 | W46: =J46 -> 44 | X46: =IF(W46=0," ",IF(W46>1,1,)) -> 1
B47: =B35 -> Ter | C47: =C11 -> 45713 | D47: 11 | E47: 0.5 | F47: 10 | G47: 0.5 | H47: =D47+F47 -> 21 | I47: =IF(H47=0,0,AVERAGE(E47,G47)) -> 0.5 | J47: =IF(H47=0,0,H47/I47) -> 42 | K47: =IF(#REF!<>0,"Não","") -> #REF! | T47: =C47 -> 45713 | U47: =H47 -> 21 | V47: =I47 -> 0.5 | W47: =J47 -> 42 | X47: =IF(W47=0," ",IF(W47>1,1,)) -> 1
B48: =B36 -> Qua | C48: =C12 -> 45714 | D48: 10 | E48: 0.75 | F48: 19 | G48: 0.75 | H48: =D48+F48 -> 29 | I48: =IF(H48=0,0,AVERAGE(E48,G48)) -> 0.75 | J48: =IF(H48=0,0,H48/I48) -> 38.666667 | K48: =IF(#REF!<>0,"Não","") -> #REF! | T48: =C48 -> 45714 | U48: =H48 -> 29 | V48: =I48 -> 0.75 | W48: =J48 -> 38.666667 | X48: =IF(W48=0," ",IF(W48>1,1,)) -> 1
B49: =B37 -> Qui | C49: =C13 -> 45715 | D49: 6 | E49: 0.25 | F49: 8 | G49: 0.5 | H49: =D49+F49 -> 14 | I49: =IF(H49=0,0,AVERAGE(E49,G49)) -> 0.375 | J49: =IF(H49=0,0,H49/I49) -> 37.333333 | K49: =IF(#REF!<>0,"Não","") -> #REF! | T49: =C49 -> 45715 | U49: =H49 -> 14 | V49: =I49 -> 0.375 | W49: =J49 -> 37.333333 | X49: =IF(W49=0," ",IF(W49>1,1,)) -> 1
B50: =B38 -> Sex | C50: =C14 -> 45716 | D50: 0 | E50: 0 | F50: 0 | G50: 0 | H50: =D50+F50 -> 0 | I50: =IF(H50=0,0,AVERAGE(E50,G50)) -> 0 | J50: =IF(H50=0,0,H50/I50) -> 0 | K50: =IF(#REF!<>0,"Não","") -> #REF! | T50: =C50 -> 45716 | U50: =H50 -> 0 | V50: =I50 -> 0 | W50: =J50 -> 0 | X50: =IF(W50=0," ",IF(W50>1,1,))
B51: =B39 -> SAb | C51: =C15 -> 45717 | H51: =D51+F51 -> 0 | I51: =IF(H51=0,0,AVERAGE(E51,G51)) -> 0 | J51: =IF(H51=0,0,H51/I51) -> 0
B52: =B40 -> Total Geral | D52: =SUM(D46:D51) -> 37 | E52: =IF(SUM(E46:E51)=0,0,AVERAGE(E46:E51)) -> 0.4 | F52: =SUM(F46:F51) -> 49 | G52: =IF(SUM(G46:G51)=0,0,AVERAGE(G46:G51)) -> 0.45 | H52: =D52+F52 -> 86 | I52: =AVERAGE(E52,G52) -> 0.425 | J52: =IF(I52=0,0,H52/I52) -> 202.35294 | U52: =D52+F52 -> 86 | V52: =SUM(V46:V50) -> 2.125 | W52: =SUM(W46:W50) -> 162 | X52: =COUNT(X46:X50) -> 4
W53: =W52/X52 -> 40.5 | X53: =IF(W52=0,0,W53) -> 40.5
W54: =#REF!/#REF! -> #REF! | X54: =IF(#REF!=0,0,W54) -> #REF!
B55: ='01jan'!B55 -> 9 | C55: ='01jan'!C55 -> 10 | D55: Portas Pintadas
B56: =IF(H65=0,0,IF(H65>=1,W66)) -> 10 | D56: 7:30 a 12:00 | F56: 13:00 a 17:18 | H56: =C59 -> 45712 | L56: =L43 -> Justificativa por não ter conseguido produzir a demanda. Preencher esta coluna quando a coluna ao lado "Faltaram", não estiver com "0"
D57: =D44 -> Prod. | E57: =E44 -> Func. | F57: =F44 -> Prod. | G57: =G44 -> Func. | H57: =H44 -> Qtd. | I57: =I44 -> Méd Func. | J57: =J44 -> Méd. Prod.
B58: Produtividade Média | K58: Não | T58: =T45 -> Data | U58: =U45 -> Qtd. | V58: =V45 -> Méd Func. | W58: =W45 -> Produtividade Diária
B59: =B46 -> Seg | C59: =C46 -> 45712 | D59: 1 | E59: 0.25 | F59: 0 | G59: 0 | H59: =D59+F59 -> 1 | I59: =IF(H59=0,0,AVERAGE(E59,G59)) -> 0.125 | J59: =IF(H59=0,0,H59/I59) -> 8 | K59: =IF(#REF!<>0,"Não","") -> #REF! | T59: =C59 -> 45712 | U59: =H59 -> 1 | V59: =I59 -> 0.125 | W59: =J59 -> 8 | X59: =IF(W59=0," ",IF(W59>1,1,)) -> 1 | AE59: 175.02 | AG59: =AE59*8 -> 1400.16
B60: =B47 -> Ter | C60: =C47 -> 45713 | D60: 1 | E60: 0.25 | F60: 1 | G60: 0.25 | H60: =D60+F60 -> 2 | I60: =IF(H60=0,0,AVERAGE(E60,G60)) -> 0.25 | J60: =IF(H60=0,0,H60/I60) -> 8 | K60: =IF(#REF!<>0,"Não","") -> #REF! | T60: =C60 -> 45713 | U60: =H60 -> 2 | V60: =I60 -> 0.25 | W60: =J60 -> 8 | X60: =IF(W60=0," ",IF(W60>1,1,)) -> 1 | AE60: =AE59*6 -> 1050.12
B61: =B48 -> Qua | C61: =C48 -> 45714 | D61: 4 | E61: 0.25 | F61: 4 | G61: 0.75 | H61: =D61+F61 -> 8 | I61: =IF(H61=0,0,AVERAGE(E61,G61)) -> 0.5 | J61: =IF(H61=0,0,H61/I61) -> 16 | K61: =IF(#REF!<>0,"Não","") -> #REF! | T61: =C61 -> 45714 | U61: =H61 -> 8 | V61: =I61 -> 0.5 | W61: =J61 -> 16 | X61: =IF(W61=0," ",IF(W61>1,1,)) -> 1 | AE61: 7815.11
B62: =B49 -> Qui | C62: =C49 -> 45715 | D62: 0 | E62: 0 | F62: 0 | G62: 0 | H62: =D62+F62 -> 0 | I62: =IF(H62=0,0,AVERAGE(E62,G62)) -> 0 | J62: =IF(H62=0,0,H62/I62) -> 0 | K62: =IF(#REF!<>0,"Não","") -> #REF! | T62: =C62 -> 45715 | U62: =H62 -> 0 | V62: =I62 -> 0 | W62: =J62 -> 0 | X62: =IF(W62=0," ",IF(W62>1,1,))
B63: =B50 -> Sex | C63: =C50 -> 45716 | D63: 2 | E63: 0.5 | F63: 0 | G63: 0 | H63: =D63+F63 -> 2 | I63: =IF(H63=0,0,AVERAGE(E63,G63)) -> 0.25 | J63: =IF(H63=0,0,H63/I63) -> 8 | K63: =IF(#REF!<>0,"Não","") -> #REF! | T63: =C63 -> 45716 | U63: =H63 -> 2 | V63: =I63 -> 0.25 | W63: =J63 -> 8 | X63: =IF(W63=0," ",IF(W63>1,1,)) -> 1 | AE63: =AE60+AE61 -> 8865.23
B64: =B51 -> SAb | C64: =C51 -> 45717 | H64: =D64+F64 -> 0 | I64: =IF(H64=0,0,AVERAGE(E64,G64)) -> 0 | J64: =IF(H64=0,0,H64/I64) -> 0
B65: =B52 -> Total Geral | D65: =SUM(D59:D64) -> 8 | E65: =IF(SUM(E59:E64)=0,0,AVERAGE(E59:E64)) -> 0.25 | F65: =SUM(F59:F64) -> 5 | G65: =IF(SUM(G59:G64)=0,0,AVERAGE(G59:G64)) -> 0.2 | H65: =D65+F65 -> 13 | I65: =AVERAGE(E65,G65) -> 0.225 | J65: =IF(I65=0,0,H65/I65) -> 57.777778 | U65: =D65+F65 -> 13 | V65: =SUM(V59:V63) -> 1.125 | W65: =SUM(W59:W63) -> 40 | X65: =COUNT(X59:X63) -> 4
W66: =W65/X65 -> 10 | X66: =IF(W65=0,0,W66) -> 10
B67: ='01jan'!B67 -> 7 | C67: ='01jan'!C67 -> 10 | D67: Celula M
B68: =IF(H77=0,0,IF(H77>=1,W78)) -> 6.6 | D68: 7:30 a 12:00 | F68: 13:00 a 17:18 | H68: =C71 -> 45712 | L68: =L56 -> Justificativa por não ter conseguido produzir a demanda. Preencher esta coluna quando a coluna ao lado "Faltaram", não estiver com "0"
D69: =D57 -> Prod. | E69: =E57 -> Func. | F69: =D69 -> Prod. | G69: =E69 -> Func. | H69: =H57 -> Qtd. | I69: =I57 -> Méd Func. | J69: =J57 -> Méd. Prod.
B70: Produtividade Média | T70: =T58 -> Data | U70: =U58 -> Qtd. | V70: =V58 -> Méd Func. | W70: =W58 -> Produtividade Diária
B71: =B59 -> Seg | C71: =C59 -> 45712 | D71: 12 | E71: 2 | F71: 7 | G71: 2 | H71: =D71+F71 -> 19 | I71: =IF(H71=0,0,AVERAGE(E71,G71)) -> 2 | J71: =IF(H71=0,0,H71/I71) -> 9.5 | T71: =C71 -> 45712 | U71: =H71 -> 19 | V71: =I71 -> 2 | W71: =J71 -> 9.5 | X71: =IF(W71=0," ",IF(W71>1,1,)) -> 1
B72: =B60 -> Ter | C72: =C60 -> 45713 | D72: 5 | E72: 2 | F72: 4 | G72: 2 | H72: =D72+F72 -> 9 | I72: =IF(H72=0,0,AVERAGE(E72,G72)) -> 2 | J72: =IF(H72=0,0,H72/I72) -> 4.5 | T72: =C72 -> 45713 | U72: =H72 -> 9 | V72: =I72 -> 2 | W72: =J72 -> 4.5 | X72: =IF(W72=0," ",IF(W72>1,1,)) -> 1
B73: =B61 -> Qua | C73: =C61 -> 45714 | D73: 6 | E73: 2 | F73: 8 | G73: 2 | H73: =D73+F73 -> 14 | I73: =IF(H73=0,0,AVERAGE(E73,G73)) -> 2 | J73: =IF(H73=0,0,H73/I73) -> 7 | T73: =C73 -> 45714 | U73: =H73 -> 14 | V73: =I73 -> 2 | W73: =J73 -> 7 | X73: =IF(W73=0," ",IF(W73>1,1,)) -> 1
B74: =B62 -> Qui | C74: =C62 -> 45715 | D74: 2 | E74: 1 | F74: 7 | G74: 2 | H74: =D74+F74 -> 9 | I74: =IF(H74=0,0,AVERAGE(E74,G74)) -> 1.5 | J74: =IF(H74=0,0,H74/I74) -> 6 | T74: =C74 -> 45715 | U74: =H74 -> 9 | V74: =I74 -> 1.5 | W74: =J74 -> 6 | X74: =IF(W74=0," ",IF(W74>1,1,)) -> 1
B75: =B63 -> Sex | C75: =C63 -> 45716 | D75: 3 | E75: 1 | F75: 0 | G75: 0 | H75: =D75+F75 -> 3 | I75: =IF(H75=0,0,AVERAGE(E75,G75)) -> 0.5 | J75: =IF(H75=0,0,H75/I75) -> 6 | T75: =C75 -> 45716 | U75: =H75 -> 3 | V75: =I75 -> 0.5 | W75: =J75 -> 6 | X75: =IF(W75=0," ",IF(W75>1,1,)) -> 1
B76: =B64 -> SAb | C76: =C64 -> 45717 | H76: =D76+F76 -> 0 | I76: =IF(H76=0,0,AVERAGE(E76,G76)) -> 0 | J76: =IF(H76=0,0,H76/I76) -> 0
B77: =B65 -> Total Geral | D77: =SUM(D71:D76) -> 28 | E77: =IF(SUM(E71:E76)=0,0,AVERAGE(E71:E76)) -> 1.6 | F77: =SUM(F71:F76) -> 26 | G77: =IF(SUM(G71:G76)=0,0,AVERAGE(G71:G76)) -> 1.6 | H77: =D77+F77 -> 54 | I77: =AVERAGE(E77,G77) -> 1.6 | J77: =IF(I77=0,0,H77/I77) -> 33.75 | U77: =D77+F77 -> 54 | V77: =SUM(V71:V75) -> 8 | W77: =SUM(W71:W75) -> 33 | X77: =COUNT(X71:X75) -> 5
W78: =W77/X77 -> 6.6 | X78: =IF(W77=0,0,W78) -> 6.6
B80: Servicos Diversos | AI80: MARÇO
B81: =B71 -> Seg | C81: =C22 -> 45712 | AI81: ABRIL
B82: =B72 -> Ter | C82: =C23 -> 45713 | AI82: MAIO
B83: =B73 -> Qua | C83: =C24 -> 45714 | AI83: JUNHO
B84: =B74 -> Qui | C84: =C25 -> 45715 | AI84: JULHO
B85: =B75 -> Sex | C85: =C26 -> 45716 | AI85: AGOSTO
B86: =B76 -> SAb | C86: =C27 -> 45717 | AI86: SETEMBRO
AI87: OUTUBRO
AI88: NOVEMBRO
AI89: DEZEMBRO

Sheet Sheet1
A2: =TODAY() -> 46034 | R2: 11
A5: Janeiro | E5: Fevereiro | I5: Março | M5: Abril | Q5: Maio | U5: Junho | Y5: Julho | AC5: Agosto | AG5: Setembro | AK5: Outubro | AO5: Novembro | AS5: Dezembro
A7: Dia | B7: Produção | C7: Funcionár. | E7: Mês | F7: Produção | G7: Funcionár. | I7: Mês | J7: Produção | K7: Funcionár. | M7: Mês | N7: Produção | O7: Funcionár. | Q7: Mês | R7: Produção | S7: Funcionár. | U7: Mês | V7: Produção | W7: Funcionár. | Y7: Mês | Z7: Produção | AA7: Funcionár. | AC7: Mês | AD7: Produção | AE7: Funcionár. | AG7: Mês | AH7: Produção | AI7: Funcionár. | AK7: Mês | AL7: Produção | AM7: Funcionár. | AO7: Mês | AP7: Produção | AQ7: Funcionár. | AS7: Mês | AT7: Produção | AU7: Funcionár.
A8: 45658 | B8: ='01jan'!H12 -> 0 | C8: ='01jan'!I12 -> 0 | E8: 45689 | F8: ='27jan'!H15 -> 0 | G8: ='27jan'!I15 -> 0 | I8: 45717 | J8: ='24fev'!H15 -> 0 | K8: ='24fev'!I15 -> 0 | M8: 45748 | N8: ='31mar'!H11 -> 39 | O8: ='31mar'!I11 -> 1.5 | Q8: 45778 | R8: ='28abr'!H13 -> 0 | S8: ='28abr'!I13 -> 0 | U8: 45809 | Y8: 45839 | Z8: ='30jun'!H11 -> 0 | AA8: ='30jun'!I11 -> 0 | AC8: 45870 | AD8: ='28jul'!H14 -> 115 | AE8: ='28jul'!I14 -> 7.5 | AG8: 45536 | AH8: ='01set'!H10 -> 180 | AI8: ='01set'!I10 -> 7 | AK8: 45931 | AL8: ='29set'!H12 -> 0 | AM8: ='29set'!I12 -> 0 | AO8: 45962 | AP8: ='27out'!H15 -> 0 | AQ8: ='27out'!I15 -> 0 | AS8: 45992 | AT8: ='01dez'!H10 -> 230 | AU8: ='01dez'!I10 -> 8.5
A9: =A8+1 -> 45659 | B9: ='01jan'!H13 -> 0 | C9: ='01jan'!I13 -> 0 | E9: =E8+1 -> 45690 | I9: =I8+1 -> 45718 | M9: =M8+1 -> 45749 | N9: ='31mar'!H12 -> 151 | O9: ='31mar'!I12 -> 5.5 | Q9: =Q8+1 -> 45779 | R9: ='28abr'!H14 -> 143 | S9: ='28abr'!I14 -> 7 | U9: =U8+1 -> 45810 | V9: ='02jun'!H10 -> 106 | W9: ='02jun'!I10 -> 7.75 | Y9: =Y8+1 -> 45840 | Z9: ='30jun'!H12 -> 193 | AA9: ='30jun'!I12 -> 7.5 | AC9: =AC8+1 -> 45871 | AD9: ='28jul'!H15 -> 0 | AE9: ='28jul'!I15 -> 0 | AG9: =AG8+1 -> 45537 | AH9: ='01set'!H11 -> 173 | AI9: ='01set'!I11 -> 7 | AK9: =AK8+1 -> 45932 | AL9: ='29set'!H13 -> 159 | AM9: ='29set'!I13 -> 9 | AO9: =AO8+1 -> 45963 | AS9: =AS8+1 -> 45993 | AT9: ='01dez'!H11 -> 204 | AU9: ='01dez'!I11 -> 8.5
A10: =A9+1 -> 45660 | B10: ='01jan'!H14 -> 0 | C10: ='01jan'!I14 -> 0 | E10: =E9+1 -> 45691 | F10: ='03fev'!H10 -> 104 | G10: ='03fev'!I10 -> 5.25 | I10: =I9+1 -> 45719 | J10: ='03mar'!H10 -> 0 | K10: ='03mar'!I10 -> 0 | M10: =M9+1 -> 45750 | N10: ='31mar'!H13 -> 109 | O10: ='31mar'!I13 -> 4.75 | Q10: =Q9+1 -> 45780 | R10: ='28abr'!H15 -> 0 | S10: ='28abr'!I15 -> 0 | U10: =U9+1 -> 45811 | V10: ='02jun'!H11 -> 133 | W10: ='02jun'!I11 -> 8.25 | Y10: =Y9+1 -> 45841 | Z10: ='30jun'!H13 -> 186 | AA10: ='30jun'!I13 -> 8 | AC10: =AC9+1 -> 45872 | AG10: =AG9+1 -> 45538 | AH10: ='01set'!H12 -> 160 | AI10: ='01set'!I12 -> 7.25 | AK10: =AK9+1 -> 45933 | AL10: ='29set'!H14 -> 162 | AM10: ='29set'!I14 -> 8 | AO10: =AO9+1 -> 45964 | AP10: ='03nov'!H10 -> 209 | AQ10: ='03nov'!I10 -> 9 | AS10: =AS9+1 -> 45994 | AT10: ='01dez'!H12 -> 300 | AU10: ='01dez'!I12 -> 8.5
A11: =A10+1 -> 45661 | B11: ='01jan'!H15 -> 0 | C11: ='01jan'!I15 -> 0 | E11: =E10+1 -> 45692 | F11: ='03fev'!H11 -> 200 | G11: ='03fev'!I11 -> 8 | I11: =I10+1 -> 45720 | J11: ='03mar'!H11 -> 0 | K11: ='03mar'!I11 -> 0 | M11: =M10+1 -> 45751 | N11: ='31mar'!H14 -> 153 | O11: ='31mar'!I14 -> 6.25 | Q11: =Q10+1 -> 45781 | U11: =U10+1 -> 45812 | V11: ='02jun'!H12 -> 215 | W11: ='02jun'!I12 -> 8.75 | Y11: =Y10+1 -> 45842 | Z11: ='30jun'!H14 -> 200 | AA11: ='30jun'!I14 -> 8 | AC11: =AC10+1 -> 45873 | AD11: ='04ago'!H10 -> 115 | AE11: ='04ago'!I10 -> 6.5 | AG11: =AG10+1 -> 45539 | AH11: ='01set'!H13 -> 199 | AI11: ='01set'!I13 -> 7.5 | AK11: =AK10+1 -> 45934 | AL11: ='29set'!H15 -> 0 | AM11: ='29set'!I15 -> 0 | AO11: =AO10+1 -> 45965 | AP11: ='03nov'!H11 -> 233 | AQ11: ='03nov'!I11 -> 7 | AS11: =AS10+1 -> 45995 | AT11: ='01dez'!H13 -> 216 | AU11: ='01dez'!I13 -> 8.25
A12: =A11+1 -> 45662 | E12: =E11+1 -> 45693 | F12: ='03fev'!H12 -> 161 | G12: ='03fev'!I12 -> 5.25 | I12: =I11+1 -> 45721 | J12: ='03mar'!H12 -> 201 | K12: ='03mar'!I12 -> 6 | M12: =M11+1 -> 45752 | N12: ='31mar'!H15 -> 0 | O12: ='31mar'!I15 -> 0 | Q12: =Q11+1 -> 45782 | R12: ='05mai'!H10 -> 127 | S12: ='05mai'!I10 -> 6.5 | U12: =U11+1 -> 45813 | V12: ='02jun'!H13 -> 112 | W12: ='02jun'!I13 -> 7 | Y12: =Y11+1 -> 45843 | Z12: ='30jun'!H15 -> 0 | AA12: ='30jun'!I15 -> 0 | AC12: =AC11+1 -> 45874 | AD12: ='04ago'!H11 -> 228 | AE12: ='04ago'!I11 -> 9 | AG12: =AG11+1 -> 45540 | AH12: ='01set'!H14 -> 135 | AI12: ='01set'!I14 -> 6.25 | AK12: =AK11+1 -> 45935 | AO12: =AO11+1 -> 45966 | AP12: ='03nov'!H12 -> 205 | AQ12: ='03nov'!I12 -> 7.25 | AS12: =AS11+1 -> 45996 | AT12: ='01dez'!H14 -> 238 | AU12: ='01dez'!I14 -> 8
A13: =A12+1 -> 45663 | B13: ='06jan'!H10 -> 0 | C13: ='06jan'!I10 -> 0 | E13: =E12+1 -> 45694 | F13: ='03fev'!H13 -> 164 | G13: ='03fev'!I13 -> 5.75 | I13: =I12+1 -> 45722 | J13: ='03mar'!H13 -> 217 | K13: ='03mar'!I13 -> 6 | M13: =M12+1 -> 45753 | Q13: =Q12+1 -> 45783 | R13: ='05mai'!H11 -> 167 | S13: ='05mai'!I11 -> 7 | U13: =U12+1 -> 45814 | V13: ='02jun'!H14 -> 175 | W13: ='02jun'!I14 -> 9 | Y13: =Y12+1 -> 45844 | AC13: =AC12+1 -> 45875 | AD13: ='04ago'!H12 -> 225 | AE13: ='04ago'!I12 -> 9 | AG13: =AG12+1 -> 45541 | AH13: ='01set'!H15 -> 0 | AI13: ='01set'!I15 -> 0 | AK13: =AK12+1 -> 45936 | AL13: ='06out'!H10 -> 129 | AM13: ='06out'!I10 -> 7 | AO13: =AO12+1 -> 45967 | AP13: ='03nov'!H13 -> 216 | AQ13: ='03nov'!I13 -> 8 | AS13: =AS12+1 -> 45997 | AT13: ='01dez'!H15 -> 0 | AU13: ='01dez'!I15 -> 0
A14: =A13+1 -> 45664 | B14: ='06jan'!H11 -> 252 | C14: ='06jan'!I11 -> 8.75 | E14: =E13+1 -> 45695 | F14: ='03fev'!H14 -> 198 | G14: ='03fev'!I14 -> 7.75 | I14: =I13+1 -> 45723 | J14: ='03mar'!H14 -> 148 | K14: ='03mar'!I14 -> 5.5 | M14: =M13+1 -> 45754 | N14: ='7abr'!H10 -> 155 | O14: ='7abr'!I10 -> 5.75 | Q14: =Q13+1 -> 45784 | R14: ='05mai'!H12 -> 180 | S14: ='05mai'!I12 -> 7.5 | U14: =U13+1 -> 45815 | V14: ='02jun'!H15 -> 0 | W14: ='02jun'!I15 -> 0 | Y14: =Y13+1 -> 45845 | Z14: ='07jul'!H10 -> 222 | AA14: ='07jul'!I10 -> 8 | AC14: =AC13+1 -> 45876 | AD14: ='04ago'!H13 -> 226 | AE14: ='04ago'!I13 -> 9 | AG14: =AG13+1 -> 45542 | AK14: =AK13+1 -> 45937 | AL14: ='06out'!H11 -> 148 | AM14: ='06out'!I11 -> 6.75 | AO14: =AO13+1 -> 45968 | AP14: ='03nov'!H14 -> 172 | AQ14: ='03nov'!I14 -> 8 | AS14: =AS13+1 -> 45998
A15: =A14+1 -> 45665 | B15: ='06jan'!H12 -> 161 | C15: ='06jan'!I12 -> 7 | E15: =E14+1 -> 45696 | F15: ='03fev'!H15 -> 0 | G15: ='03fev'!I15 -> 0 | I15: =I14+1 -> 45724 | J15: ='03mar'!H15 -> 0 | K15: ='03mar'!I15 -> 0 | M15: =M14+1 -> 45755 | N15: ='7abr'!H11 -> 140 | O15: ='7abr'!I11 -> 6 | Q15: =Q14+1 -> 45785 | R15: ='05mai'!H13 -> 170 | S15: ='05mai'!I13 -> 7 | U15: =U14+1 -> 45816 | Y15: =Y14+1 -> 45846 | Z15: ='07jul'!H11 -> 200 | AA15: ='07jul'!I11 -> 6.5 | AC15: =AC14+1 -> 45877 | AD15: ='04ago'!H14 -> 230 | AE15: ='04ago'!I14 -> 8.5 | AG15: =AG14+1 -> 45543 | AH15: ='08set'!H10 -> 134 | AI15: ='08set'!I10 -> 6.5 | AK15: =AK14+1 -> 45938 | AL15: ='06out'!H12 -> 168 | AM15: ='06out'!I12 -> 7 | AO15: =AO14+1 -> 45969 | AP15: ='03nov'!H15 -> 0 | AQ15: ='03nov'!I15 -> 0 | AS15: =AS14+1 -> 45999 | AT15: ='08dez'!H10 -> 176 | AU15: ='08dez'!I10 -> 8
A16: =A15+1 -> 45666 | B16: ='06jan'!H13 -> 100 | C16: ='06jan'!I13 -> 6.5 | E16: =E15+1 -> 45697 | I16: =I15+1 -> 45725 | M16: =M15+1 -> 45756 | N16: ='7abr'!H12 -> 189 | O16: ='7abr'!I12 -> 6.25 | Q16: =Q15+1 -> 45786 | R16: ='05mai'!H14 -> 154 | S16: ='05mai'!I14 -> 7 | U16: =U15+1 -> 45817 | V16: ='09jun'!H10 -> 207 | W16: ='09jun'!I10 -> 9 | Y16: =Y15+1 -> 45847 | Z16: ='07jul'!H12 -> 0 | AA16: ='07jul'!I12 -> 0 | AC16: =AC15+1 -> 45878 | AD16: ='04ago'!H15 -> 0 | AE16: ='04ago'!I15 -> 0 | AG16: =AG15+1 -> 45544 | AH16: ='08set'!H11 -> 139 | AI16: ='08set'!I11 -> 5.5 | AK16: =AK15+1 -> 45939 | AL16: ='06out'!H13 -> 181 | AM16: ='06out'!I13 -> 8 | AO16: =AO15+1 -> 45970 | AS16: =AS15+1 -> 46000 | AT16: ='08dez'!H11 -> 169 | AU16: ='08dez'!I11 -> 7
A17: =A16+1 -> 45667 | B17: ='06jan'!H14 -> 121 | C17: ='06jan'!I14 -> 6.5 | E17: =E16+1 -> 45698 | F17: ='10fev'!H10 -> 189 | G17: ='10fev'!I10 -> 7 | I17: =I16+1 -> 45726 | J17: ='10mar'!H10 -> 167 | K17: ='10mar'!I10 -> 5 | M17: =M16+1 -> 45757 | N17: ='7abr'!H13 -> 101 | O17: ='7abr'!I13 -> 5.5 | Q17: =Q16+1 -> 45787 | R17: ='05mai'!H15 -> 0 | S17: ='05mai'!I15 -> 0 | U17: =U16+1 -> 45818 | V17: ='09jun'!H11 -> 201 | W17: ='09jun'!I11 -> 9 | Y17: =Y16+1 -> 45848 | Z17: ='07jul'!H13 -> 245 | AA17: ='07jul'!I13 -> 8 | AC17: =AC16+1 -> 45879 | AG17: =AG16+1 -> 45545 | AH17: ='08set'!H12 -> 55 | AI17: ='08set'!I12 -> 5.5 | AK17: =AK16+1 -> 45940 | AL17: ='06out'!H14 -> 201 | AM17: ='06out'!I14 -> 7 | AO17: =AO16+1 -> 45971 | AP17: ='10nov'!H10 -> 116 | AQ17: ='10nov'!I10 -> 6.5 | AS17: =AS16+1 -> 46001 | AT17: ='08dez'!H12 -> 188 | AU17: ='08dez'!I12 -> 8
A18: =A17+1 -> 45668 | B18: ='06jan'!H15 -> 0 | C18: ='06jan'!I15 -> 0 | E18: =E17+1 -> 45699 | F18: ='10fev'!H11 -> 156 | G18: ='10fev'!I11 -> 6.5 | I18: =I17+1 -> 45727 | J18: ='10mar'!H11 -> 103 | K18: ='10mar'!I11 -> 5.25 | M18: =M17+1 -> 45758 | N18: ='7abr'!H14 -> 164 | O18: ='7abr'!I14 -> 6.25 | Q18: =Q17+1 -> 45788 | U18: =U17+1 -> 45819 | V18: ='09jun'!H12 -> 182 | W18: ='09jun'!I12 -> 9 | Y18: =Y17+1 -> 45849 | Z18: ='07jul'!H14 -> 171 | AA18: ='07jul'!I14 -> 7 | AC18: =AC17+1 -> 45880 | AD18: ='11ago'!H10 -> 280 | AE18: ='11ago'!I10 -> 8.5 | AG18: =AG17+1 -> 45546 | AH18: ='08set'!H13 -> 203 | AI18: ='08set'!I13 -> 8.5 | AK18: =AK17+1 -> 45941 | AL18: ='06out'!H15 -> 0 | AM18: ='06out'!I15 -> 0 | AO18: =AO17+1 -> 45972 | AP18: ='10nov'!H11 -> 247 | AQ18: ='10nov'!I11 -> 8 | AS18: =AS17+1 -> 46002 | AT18: ='08dez'!H13 -> 198 | AU18: ='08dez'!I13 -> 8
A19: =A18+1 -> 45669 | E19: =E18+1 -> 45700 | F19: ='10fev'!H12 -> 188 | G19: ='10fev'!I12 -> 6.5 | I19: =I18+1 -> 45728 | J19: ='10mar'!H12 -> 104 | K19: ='10mar'!I12 -> 5 | M19: =M18+1 -> 45759 | N19: ='7abr'!H15 -> 231 | O19: ='7abr'!I15 -> 7 | Q19: =Q18+1 -> 45789 | R19: ='12mai'!H10 -> 133 | S19: ='12mai'!I10 -> 7 | U19: =U18+1 -> 45820 | V19: ='09jun'!H13 -> 191 | W19: ='09jun'!I13 -> 8.5 | Y19: =Y18+1 -> 45850 | Z19: ='07jul'!H15 -> 0 | AA19: ='07jul'!I15 -> 0 | AC19: =AC18+1 -> 45881 | AD19: ='11ago'!H11 -> 227 | AE19: ='11ago'!I11 -> 9 | AG19: =AG18+1 -> 45547 | AH19: ='08set'!H14 -> 160 | AI19: ='08set'!I14 -> 8 | AK19: =AK18+1 -> 45942 | AO19: =AO18+1 -> 45973 | AP19: ='10nov'!H12 -> 278 | AQ19: ='10nov'!I12 -> 9.375 | AS19: =AS18+1 -> 46003 | AT19: ='08dez'!H14 -> 114 | AU19: ='08dez'!I14 -> 7.25
A20: =A19+1 -> 45670 | B20: ='13jan'!H10 -> 165 | C20: ='13jan'!I10 -> 7.75 | E20: =E19+1 -> 45701 | F20: ='10fev'!H13 -> 114 | G20: ='10fev'!I13 -> 6 | I20: =I19+1 -> 45729 | J20: ='10mar'!H13 -> 143 | K20: ='10mar'!I13 -> 5.5 | M20: =M19+1 -> 45760 | Q20: =Q19+1 -> 45790 | R20: ='12mai'!H11 -> 194 | S20: ='12mai'!I11 -> 7 | U20: =U19+1 -> 45821 | V20: ='09jun'!H14 -> 214 | W20: ='09jun'!I14 -> 9 | Y20: =Y19+1 -> 45851 | AC20: =AC19+1 -> 45882 | AD20: ='11ago'!H12 -> 174 | AE20: ='11ago'!I12 -> 9 | AG20: =AG19+1 -> 45548 | AH20: ='08set'!H15 -> 0 | AI20: ='08set'!I15 -> 0 | AK20: =AK19+1 -> 45943 | AL20: ='13out'!H10 -> 171 | AM20: ='13out'!I10 -> 7.5 | AO20: =AO19+1 -> 45974 | AP20: ='10nov'!H13 -> 160 | AQ20: ='10nov'!I13 -> 8.25 | AS20: =AS19+1 -> 46004 | AT20: ='08dez'!H15 -> 171 | AU20: ='08dez'!I15 -> 7.5
A21: =A20+1 -> 45671 | B21: ='13jan'!H11 -> 142 | C21: ='13jan'!I11 -> 7 | E21: =E20+1 -> 45702 | F21: ='10fev'!H14 -> 227 | G21: ='10fev'!I14 -> 8 | I21: =I20+1 -> 45730 | J21: ='10mar'!H14 -> 101 | K21: ='10mar'!I14 -> 5 | M21: =M20+1 -> 45761 | N21: ='14abr'!H10 -> 74 | O21: ='14abr'!I10 -> 4.5 | Q21: =Q20+1 -> 45791 | R21: ='12mai'!H12 -> 141 | S21: ='12mai'!I12 -> 7 | U21: =U20+1 -> 45822 | V21: ='09jun'!H15 -> 0 | W21: ='09jun'!I15 -> 0 | Y21: =Y20+1 -> 45852 | Z21: ='14jul'!H10 -> 190 | AA21: ='14jul'!I10 -> 7 | AC21: =AC20+1 -> 45883 | AD21: ='11ago'!H13 -> 224 | AE21: ='11ago'!I13 -> 9 | AG21: =AG20+1 -> 45549 | AK21: =AK20+1 -> 45944 | AL21: ='13out'!H11 -> 223 | AM21: ='13out'!I11 -> 8 | AO21: =AO20+1 -> 45975 | AP21: ='10nov'!H14 -> 174 | AQ21: ='10nov'!I14 -> 8.25 | AS21: =AS20+1 -> 46005
A22: =A21+1 -> 45672 | B22: ='13jan'!H12 -> 126 | C22: ='13jan'!I12 -> 6.5 | E22: =E21+1 -> 45703 | F22: ='10fev'!H15 -> 0 | G22: ='10fev'!I15 -> 0 | I22: =I21+1 -> 45731 | J22: ='10mar'!H15 -> 0 | K22: ='10mar'!I15 -> 0 | M22: =M21+1 -> 45762 | N22: ='14abr'!H11 -> 160 | O22: ='14abr'!I11 -> 6 | Q22: =Q21+1 -> 45792 | R22: ='12mai'!H13 -> 197 | S22: ='12mai'!I13 -> 7.5 | U22: =U21+1 -> 45823 | Y22: =Y21+1 -> 45853 | Z22: ='14jul'!H11 -> 154 | AA22: ='14jul'!I11 -> 8 | AC22: =AC21+1 -> 45884 | AD22: ='11ago'!H14 -> 182 | AE22: ='11ago'!I14 -> 9 | AG22: =AG21+1 -> 45550 | AH22: ='15set'!H10 -> 181 | AI22: ='15set'!I10 -> 7 | AK22: =AK21+1 -> 45945 | AL22: ='13out'!H12 -> 189 | AM22: ='13out'!I12 -> 7.5 | AO22: =AO21+1 -> 45976 | AP22: ='10nov'!H15 -> 0 | AQ22: ='10nov'!I15 -> 0 | AS22: =AS21+1 -> 46006 | AT22: ='15dez'!H10 -> 50 | AU22: ='15dez'!I10 -> 4
A23: =A22+1 -> 45673 | B23: ='13jan'!H13 -> 139 | C23: ='13jan'!I13 -> 7 | E23: =E22+1 -> 45704 | I23: =I22+1 -> 45732 | M23: =M22+1 -> 45763 | N23: ='14abr'!H12 -> 107 | O23: ='14abr'!I12 -> 6.5 | Q23: =Q22+1 -> 45793 | R23: ='12mai'!H14 -> 242 | S23: ='12mai'!I14 -> 7.5 | U23: =U22+1 -> 45824 | V23: ='16jun'!H10 -> 179 | W23: ='16jun'!I10 -> 7.25 | Y23: =Y22+1 -> 45854 | Z23: ='14jul'!H12 -> 164 | AA23: ='14jul'!I12 -> 8 | AC23: =AC22+1 -> 45885 | AD23: ='11ago'!H15 -> 0 | AE23: ='11ago'!I15 -> 0 | AG23: =AG22+1 -> 45551 | AH23: ='15set'!H11 -> 201 | AI23: ='15set'!I11 -> 8 | AK23: =AK22+1 -> 45946 | AL23: ='13out'!H13 -> 169 | AM23: ='13out'!I13 -> 6.5 | AO23: =AO22+1 -> 45977 | AS23: =AS22+1 -> 46007 | AT23: ='15dez'!H11 -> 98 | AU23: ='15dez'!I11 -> 5.5
A24: =A23+1 -> 45674 | B24: ='13jan'!H14 -> 205 | C24: ='13jan'!I14 -> 7.5 | E24: =E23+1 -> 45705 | F24: ='17fev'!H10 -> 188 | G24: ='17fev'!I10 -> 8 | I24: =I23+1 -> 45733 | J24: ='17mar'!H10 -> 150 | K24: ='17mar'!I10 -> 5.25 | M24: =M23+1 -> 45764 | N24: ='14abr'!H13 -> 151 | O24: ='14abr'!I13 -> 7 | Q24: =Q23+1 -> 45794 | R24: ='12mai'!H15 -> 0 | S24: ='12mai'!I15 -> 0 | U24: =U23+1 -> 45825 | V24: ='16jun'!H11 -> 224 | W24: ='16jun'!I11 -> 8 | Y24: =Y23+1 -> 45855 | Z24: ='14jul'!H13 -> 256 | AA24: ='14jul'!I13 -> 8.5 | AC24: =AC23+1 -> 45886 | AG24: =AG23+1 -> 45552 | AH24: ='15set'!H12 -> 167 | AI24: ='15set'!I12 -> 6.5 | AK24: =AK23+1 -> 45947 | AL24: ='13out'!H14 -> 166 | AM24: ='13out'!I14 -> 6.5 | AO24: =AO23+1 -> 45978 | AP24: ='17nov'!H10 -> 182 | AQ24: ='17nov'!I10 -> 8.5 | AS24: =AS23+1 -> 46008 | AT24: ='15dez'!H12 -> 172 | AU24: ='15dez'!I12 -> 7
A25: =A24+1 -> 45675 | B25: ='13jan'!H15 -> 0 | C25: ='13jan'!I15 -> 0 | E25: =E24+1 -> 45706 | F25: ='17fev'!H11 -> 159 | G25: ='17fev'!I11 -> 5.75 | I25: =I24+1 -> 45734 | J25: ='17mar'!H11 -> 152 | K25: ='17mar'!I11 -> 5.5 | M25: =M24+1 -> 45765 | N25: ='14abr'!H14 -> 0 | O25: ='14abr'!I14 -> 0 | Q25: =Q24+1 -> 45795 | U25: =U24+1 -> 45826 | V25: ='16jun'!H12 -> 215 | W25: ='16jun'!I12 -> 9 | Y25: =Y24+1 -> 45856 | Z25: ='14jul'!H14 -> 211 | AA25: ='14jul'!I14 -> 9 | AC25: =AC24+1 -> 45887 | AD25: ='18ago'!H10 -> 175 | AE25: ='18ago'!I10 -> 8.5 | AG25: =AG24+1 -> 45553 | AH25: ='15set'!H13 -> 191 | AI25: ='15set'!I13 -> 8 | AK25: =AK24+1 -> 45948 | AL25: ='13out'!H15 -> 0 | AM25: ='13out'!I15 -> 0 | AO25: =AO24+1 -> 45979 | AP25: ='17nov'!H11 -> 242 | AQ25: ='17nov'!I11 -> 9 | AS25: =AS24+1 -> 46009 | AT25: ='15dez'!H13 -> 133 | AU25: ='15dez'!I13 -> 5
A26: =A25+1 -> 45676 | E26: =E25+1 -> 45707 | F26: ='17fev'!H12 -> 94 | G26: ='17fev'!I12 -> 5 | I26: =I25+1 -> 45735 | J26: ='17mar'!H12 -> 139 | K26: ='17mar'!I12 -> 5.75 | M26: =M25+1 -> 45766 | N26: ='14abr'!H15 -> 0 | O26: ='14abr'!I15 -> 0 | Q26: =Q25+1 -> 45796 | R26: ='19mai'!H10 -> 131 | S26: ='19mai'!I10 -> 7 | U26: =U25+1 -> 45827 | V26: ='16jun'!H13 -> 0 | W26: ='16jun'!I13 -> 0 | Y26: =Y25+1 -> 45857 | Z26: ='14jul'!H15 -> 0 | AA26: ='14jul'!I15 -> 0 | AC26: =AC25+1 -> 45888 | AD26: ='18ago'!H11 -> 208 | AE26: ='18ago'!I11 -> 7.25 | AG26: =AG25+1 -> 45554 | AH26: ='15set'!H14 -> 143 | AI26: ='15set'!I14 -> 7.5 | AK26: =AK25+1 -> 45949 | AO26: =AO25+1 -> 45980 | AP26: ='17nov'!H12 -> 199 | AQ26: ='17nov'!I12 -> 8.5 | AS26: =AS25+1 -> 46010 | AT26: ='15dez'!H14 -> 124 | AU26: ='15dez'!I14 -> 5.5
A27: =A26+1 -> 45677 | B27: ='20jan'!H10 -> 202 | C27: ='20jan'!I10 -> 7 | E27: =E26+1 -> 45708 | F27: ='17fev'!H13 -> 168 | G27: ='17fev'!I13 -> 7.5 | I27: =I26+1 -> 45736 | J27: ='17mar'!H13 -> 155 | K27: ='17mar'!I13 -> 5.5 | M27: =M26+1 -> 45767 | Q27: =Q26+1 -> 45797 | R27: ='19mai'!H11 -> 121 | S27: ='19mai'!I11 -> 7 | U27: =U26+1 -> 45828 | V27: ='16jun'!H14 -> 126 | W27: ='16jun'!I14 -> 7 | Y27: =Y26+1 -> 45858 | AC27: =AC26+1 -> 45889 | AD27: ='18ago'!H12 -> 143 | AE27: ='18ago'!I12 -> 5.75 | AG27: =AG26+1 -> 45555 | AH27: ='15set'!H15 -> 0 | AI27: ='15set'!I15 -> 0 | AK27: =AK26+1 -> 45950 | AL27: ='20out'!H10 -> 240 | AM27: ='20out'!I10 -> 7.75 | AO27: =AO26+1 -> 45981 | AP27: ='17nov'!H13 -> 160 | AQ27: ='17nov'!I13 -> 6.25 | AS27: =AS26+1 -> 46011 | AT27: ='15dez'!H15 -> 0 | AU27: ='15dez'!I15 -> 0
A28: =A27+1 -> 45678 | B28: ='20jan'!H11 -> 120 | C28: ='20jan'!I11 -> 5 | E28: =E27+1 -> 45709 | F28: ='17fev'!H14 -> 113 | G28: ='17fev'!I14 -> 5.5 | I28: =I27+1 -> 45737 | J28: ='17mar'!H14 -> 139 | K28: ='17mar'!I14 -> 6 | M28: =M27+1 -> 45768 | N28: ='21abr'!H10 -> 0 | O28: ='21abr'!I10 -> 0 | Q28: =Q27+1 -> 45798 | R28: ='19mai'!H12 -> 246 | S28: ='19mai'!I12 -> 7.25 | U28: =U27+1 -> 45829 | V28: ='16jun'!H15 -> 0 | W28: ='16jun'!I15 -> 0 | Y28: =Y27+1 -> 45859 | Z28: ='21jul'!H10 -> 197 | AA28: ='21jul'!I10 -> 9 | AC28: =AC27+1 -> 45890 | AD28: ='18ago'!H13 -> 199 | AE28: ='18ago'!I13 -> 6.75 | AG28: =AG27+1 -> 45556 | AK28: =AK27+1 -> 45951 | AL28: ='20out'!H11 -> 227 | AM28: ='20out'!I11 -> 8.75 | AO28: =AO27+1 -> 45982 | AP28: ='17nov'!H14 -> 196 | AQ28: ='17nov'!I14 -> 8.5 | AS28: =AS27+1 -> 46012
A29: =A28+1 -> 45679 | B29: ='20jan'!H12 -> 165 | C29: ='20jan'!I12 -> 7 | E29: =E28+1 -> 45710 | F29: ='17fev'!H15 -> 37 | G29: ='17fev'!I15 -> 3 | I29: =I28+1 -> 45738 | J29: ='17mar'!H15 -> 51 | K29: ='17mar'!I15 -> 1.5 | M29: =M28+1 -> 45769 | N29: ='21abr'!H11 -> 213 | O29: ='21abr'!I11 -> 7 | Q29: =Q28+1 -> 45799 | R29: ='19mai'!H13 -> 196 | S29: ='19mai'!I13 -> 7.25 | U29: =U28+1 -> 45830 | Y29: =Y28+1 -> 45860 | Z29: ='21jul'!H11 -> 194 | AA29: ='21jul'!I11 -> 8.75 | AC29: =AC28+1 -> 45891 | AD29: ='18ago'!H14 -> 114 | AE29: ='18ago'!I14 -> 6.75 | AG29: =AG28+1 -> 45557 | AH29: ='22set'!H10 -> 195 | AI29: ='22set'!I10 -> 7 | AK29: =AK28+1 -> 45952 | AL29: ='20out'!H12 -> 138 | AM29: ='20out'!I12 -> 7.5 | AO29: =AO28+1 -> 45983 | AP29: ='17nov'!H15 -> 0 | AQ29: ='17nov'!I15 -> 0 | AS29: =AS28+1 -> 46013 | AT29: ='22dez'!H10 -> 210 | AU29: ='22dez'!I10 -> 8.5
A30: =A29+1 -> 45680 | B30: ='20jan'!H13 -> 178 | C30: ='20jan'!I13 -> 7 | E30: =E29+1 -> 45711 | I30: =I29+1 -> 45739 | M30: =M29+1 -> 45770 | N30: ='21abr'!H12 -> 190 | O30: ='21abr'!I12 -> 7 | Q30: =Q29+1 -> 45800 | R30: ='19mai'!H14 -> 152 | S30: ='19mai'!I14 -> 7 | U30: =U29+1 -> 45831 | V30: ='23jun'!H10 -> 119 | W30: ='23jun'!I10 -> 6 | Y30: =Y29+1 -> 45861 | Z30: ='21jul'!H12 -> 200 | AA30: ='21jul'!I12 -> 9 | AC30: =AC29+1 -> 45892 | AD30: ='18ago'!H15 -> 0 | AE30: ='18ago'!I15 -> 0 | AG30: =AG29+1 -> 45558 | AH30: ='22set'!H11 -> 119 | AI30: ='22set'!I11 -> 6 | AK30: =AK29+1 -> 45953 | AL30: ='20out'!H13 -> 238 | AM30: ='20out'!I13 -> 9 | AO30: =AO29+1 -> 45984 | AS30: =AS29+1 -> 46014 | AT30: ='22dez'!H11 -> 87 | AU30: ='22dez'!I11 -> 3.5
A31: =A30+1 -> 45681 | B31: ='20jan'!H14 -> 122 | C31: ='20jan'!I14 -> 5.5 | E31: =E30+1 -> 45712 | F31: ='24fev'!H10 -> 151 | G31: ='24fev'!I10 -> 6.25 | I31: =I30+1 -> 45740 | J31: ='24mar'!H10 -> 186 | K31: ='24mar'!I10 -> 6 | M31: =M30+1 -> 45771 | N31: ='21abr'!H13 -> 185 | O31: ='21abr'!I13 -> 7.75 | Q31: =Q30+1 -> 45801 | R31: ='19mai'!H15 -> 49 | S31: ='19mai'!I15 -> 1.5 | U31: =U30+1 -> 45832 | V31: ='23jun'!H11 -> 156 | W31: ='23jun'!I11 -> 6 | Y31: =Y30+1 -> 45862 | Z31: ='21jul'!H13 -> 205 | AA31: ='21jul'!I13 -> 9 | AC31: =AC30+1 -> 45893 | AG31: =AG30+1 -> 45559 | AH31: ='22set'!H12 -> 155 | AI31: ='22set'!I12 -> 7 | AK31: =AK30+1 -> 45954 | AL31: ='20out'!H14 -> 194 | AM31: ='20out'!I14 -> 9 | AO31: =AO30+1 -> 45985 | AP31: ='24nov'!H10 -> 227 | AQ31: ='24nov'!I10 -> 9 | AS31: =AS30+1 -> 46015 | AT31: ='22dez'!H12 -> 0 | AU31: ='22dez'!I12 -> 0
A32: =A31+1 -> 45682 | B32: ='20jan'!H15 -> 67 | C32: ='20jan'!I15 -> 4 | E32: =E31+1 -> 45713 | F32: ='24fev'!H11 -> 181 | G32: ='24fev'!I11 -> 6.5 | H32: =IF(F32>0,F32/G32,0) -> 27.846154 | I32: =I31+1 -> 45741 | J32: ='24mar'!H11 -> 222 | K32: ='24mar'!I11 -> 7.5 | M32: =M31+1 -> 45772 | N32: ='21abr'!H14 -> 154 | O32: ='21abr'!I14 -> 7.5 | Q32: =Q31+1 -> 45802 | U32: =U31+1 -> 45833 | V32: ='23jun'!H12 -> 108 | W32: ='23jun'!I12 -> 3 | Y32: =Y31+1 -> 45863 | Z32: ='21jul'!H14 -> 228 | AA32: ='21jul'!I14 -> 8.5 | AC32: =AC31+1 -> 45894 | AD32: ='25ago'!H10 -> 178 | AE32: ='25ago'!I10 -> 7.5 | AG32: =AG31+1 -> 45560 | AH32: ='22set'!H13 -> 167 | AI32: ='22set'!I13 -> 7 | AK32: =AK31+1 -> 45955 | AL32: ='20out'!H15 -> 0 | AM32: ='20out'!I15 -> 0 | AO32: =AO31+1 -> 45986 | AP32: ='24nov'!H11 -> 232 | AQ32: ='24nov'!I11 -> 8 | AS32: =AS31+1 -> 46016 | AT32: ='22dez'!H13 -> 0 | AU32: ='22dez'!I13 -> 0
A33: =A32+1 -> 45683 | E33: =E32+1 -> 45714 | F33: ='24fev'!H12 -> 133 | G33: ='24fev'!I12 -> 6 | I33: =I32+1 -> 45742 | J33: ='24mar'!H12 -> 105 | K33: ='24mar'!I12 -> 2.5 | M33: =M32+1 -> 45773 | N33: ='21abr'!H15 -> 119 | O33: ='21abr'!I15 -> 6 | Q33: =Q32+1 -> 45803 | R33: ='26mai'!H10 -> 178 | S33: ='26mai'!I10 -> 7 | U33: =U32+1 -> 45834 | V33: ='23jun'!H13 -> 125 | W33: ='23jun'!I13 -> 6 | Y33: =Y32+1 -> 45864 | Z33: ='21jul'!H15 -> 0 | AA33: ='21jul'!I15 -> 0 | AC33: =AC32+1 -> 45895 | AD33: ='25ago'!H11 -> 153 | AE33: ='25ago'!I11 -> 6.75 | AG33: =AG32+1 -> 45561 | AH33: ='22set'!H14 -> 179 | AI33: ='22set'!I14 -> 8 | AK33: =AK32+1 -> 45956 | AO33: =AO32+1 -> 45987 | AP33: ='24nov'!H12 -> 200 | AQ33: ='24nov'!I12 -> 9 | AS33: =AS32+1 -> 46017 | AT33: ='22dez'!H14 -> 0 | AU33: ='22dez'!I14 -> 0
A34: =A33+1 -> 45684 | B34: ='27jan'!H10 -> 187 | C34: ='27jan'!I10 -> 6.5 | E34: =E33+1 -> 45715 | F34: ='24fev'!H13 -> 114 | G34: ='24fev'!I13 -> 5 | I34: =I33+1 -> 45743 | J34: ='24mar'!H13 -> 171 | K34: ='24mar'!I13 -> 6.5 | M34: =M33+1 -> 45774 | Q34: =Q33+1 -> 45804 | R34: ='26mai'!H11 -> 136 | S34: ='26mai'!I11 -> 6.5 | U34: =U33+1 -> 45835 | V34: ='23jun'!H14 -> 174 | W34: ='23jun'!I14 -> 6 | Y34: =Y33+1 -> 45865 | AC34: =AC33+1 -> 45896 | AD34: ='25ago'!H12 -> 146 | AE34: ='25ago'!I12 -> 6.5 | AG34: =AG33+1 -> 45562 | AH34: ='22set'!H15 -> 0 | AI34: ='22set'!I15 -> 0 | AK34: =AK33+1 -> 45957 | AL34: ='27out'!H10 -> 188 | AM34: ='27out'!I10 -> 8.5 | AO34: =AO33+1 -> 45988 | AP34: ='24nov'!H13 -> 213 | AQ34: ='24nov'!I13 -> 8.5 | AS34: =AS33+1 -> 46018 | AT34: ='22dez'!H15 -> 0 | AU34: ='22dez'!I15 -> 0
A35: =A34+1 -> 45685 | B35: ='27jan'!H11 -> 146 | C35: ='27jan'!I11 -> 5.25 | E35: =E34+1 -> 45716 | F35: ='24fev'!H14 -> 223 | G35: ='24fev'!I14 -> 8 | I35: =I34+1 -> 45744 | J35: ='24mar'!H14 -> 107 | K35: ='24mar'!I14 -> 5.5 | M35: =M34+1 -> 45775 | N35: ='28abr'!H10 -> 117 | O35: ='28abr'!I10 -> 7 | Q35: =Q34+1 -> 45805 | R35: ='26mai'!H12 -> 161 | S35: ='26mai'!I12 -> 7 | U35: =U34+1 -> 45836 | V35: ='23jun'!H15 -> 0 | W35: ='23jun'!I15 -> 0 | Y35: =Y34+1 -> 45866 | Z35: ='28jul'!H10 -> 184 | AA35: ='28jul'!I10 -> 7.5 | AC35: =AC34+1 -> 45897 | AD35: ='25ago'!H13 -> 219 | AE35: ='25ago'!I13 -> 8 | AG35: =AG34+1 -> 45563 | AK35: =AK34+1 -> 45958 | AL35: ='27out'!H11 -> 191 | AM35: ='27out'!I11 -> 8.5 | AO35: =AO34+1 -> 45989 | AP35: ='24nov'!H14 -> 196 | AQ35: ='24nov'!I14 -> 8.5 | AS35: =AS34+1 -> 46019
A36: =A35+1 -> 45686 | B36: ='27jan'!H12 -> 143 | C36: ='27jan'!I12 -> 5.75 | F36: ='24fev'!H15 -> 0 | G36: ='24fev'!I15 -> 0 | I36: =I35+1 -> 45745 | J36: ='24mar'!H15 -> 0 | K36: ='24mar'!I15 -> 0 | M36: =M35+1 -> 45776 | N36: ='28abr'!H11 -> 322 | O36: ='28abr'!I11 -> 8.5 | Q36: =Q35+1 -> 45806 | R36: ='26mai'!H13 -> 172 | S36: ='26mai'!I13 -> 7 | U36: =U35+1 -> 45837 | Y36: =Y35+1 -> 45867 | Z36: ='28jul'!H11 -> 188 | AA36: ='28jul'!I11 -> 7.5 | AC36: =AC35+1 -> 45898 | AD36: ='25ago'!H14 -> 141 | AE36: ='25ago'!I14 -> 7.25 | AG36: =AG35+1 -> 45564 | AH36: ='29set'!H10 -> 189 | AI36: ='29set'!I10 -> 8 | AK36: =AK35+1 -> 45959 | AL36: ='27out'!H12 -> 231 | AM36: ='27out'!I12 -> 7 | AO36: =AO35+1 -> 45990 | AP36: ='24nov'!H15 -> 0 | AQ36: ='24nov'!I15 -> 0 | AS36: =AS35+1 -> 46020 | AT36: ='29dez'!H10 -> 0 | AU36: ='29dez'!I10 -> 0
A37: =A36+1 -> 45687 | B37: ='27jan'!H13 -> 174 | C37: ='27jan'!I13 -> 6 | I37: =I36+1 -> 45746 | M37: =M36+1 -> 45777 | N37: ='28abr'!H12 -> 215 | O37: ='28abr'!I12 -> 8 | Q37: =Q36+1 -> 45807 | R37: ='26mai'!H14 -> 259 | S37: ='26mai'!I14 -> 8.5 | U37: =U36+1 -> 45838 | V37: ='30jun'!H10 -> 169 | W37: ='30jun'!I10 -> 7.25 | Y37: =Y36+1 -> 45868 | Z37: ='28jul'!H12 -> 160 | AA37: ='28jul'!I12 -> 7.75 | AC37: =AC36+1 -> 45899 | AD37: ='25ago'!H15 -> 0 | AE37: ='25ago'!I15 -> 0 | AG37: =AG36+1 -> 45565 | AH37: ='29set'!H11 -> 123 | AI37: ='29set'!I11 -> 5 | AK37: =AK36+1 -> 45960 | AL37: ='27out'!H13 -> 231 | AM37: ='27out'!I13 -> 9 | AO37: =AO36+1 -> 45991 | AS37: =AS36+1 -> 46021 | AT37: ='29dez'!H11 -> 0 | AU37: ='29dez'!I11 -> 0
A38: =A37+1 -> 45688 | B38: ='27jan'!H14 -> 185 | C38: ='27jan'!I14 -> 6 | I38: =I37+1 -> 45747 | J38: ='31mar'!H10 -> 113 | K38: ='31mar'!I10 -> 6.25 | Q38: =Q37+1 -> 45808 | R38: ='26mai'!H15 -> 0 | S38: ='26mai'!I15 -> 0 | Y38: =Y37+1 -> 45869 | Z38: ='28jul'!H13 -> 155 | AA38: ='28jul'!I13 -> 8 | AC38: =AC37+1 -> 45900 | AK38: =AK37+1 -> 45961 | AL38: ='27out'!H14 -> 177 | AM38: ='27out'!I14 -> 8.5 | AS38: =AS37+1 -> 46022 | AT38: ='29dez'!H12 -> 0 | AU38: ='29dez'!I12 -> 0
A41: Janeiro | E41: Fevereiro | I41: Março | M41: Abril | Q41: Maio | U41: Junho | Y41: Julho | AC41: Agosto | AG41: Setembro | AK41: Outubro | AO41: Novembro | AS41: Dezembro
A43: Dia | B43: Produção | C43: Funcionár. | E43: Mês | F43: Produção | G43: Funcionár. | I43: Mês | J43: Produção | K43: Funcionár. | M43: Mês | N43: Produção | O43: Funcionár. | Q43: Mês | R43: Produção | S43: Funcionár. | U43: Mês | V43: Produção | W43: Funcionár. | Y43: Mês | Z43: Produção | AA43: Funcionár. | AC43: Mês | AD43: Produção | AE43: Funcionár. | AG43: Mês | AH43: Produção | AI43: Funcionár. | AK43: Mês | AL43: Produção | AM43: Funcionár. | AO43: Mês | AP43: Produção | AQ43: Funcionár. | AS43: Mês | AT43: Produção | AU43: Funcionár.
A44: =A8 -> 45658 | B44: ='01jan'!H73 -> 0 | C44: ='01jan'!I73 -> 0 | E44: =E8 -> 45689 | F44: ='27jan'!H76 -> 0 | G44: ='27jan'!I76 -> 0 | I44: =I8 -> 45717 | J44: ='24fev'!H76 -> 0 | K44: ='24fev'!I76 -> 0 | M44: =M8 -> 45748 | N44: ='31mar'!H72 -> 2 | O44: ='31mar'!I72 -> 0.125 | Q44: =Q8 -> 45778 | R44: ='28abr'!H74 -> 0 | S44: ='28abr'!I74 -> 0 | U44: =U8 -> 45809 | Y44: =Y8 -> 45839 | Z44: ='30jun'!H72 -> 0 | AA44: ='30jun'!I72 -> 0 | AC44: =AC8 -> 45870 | AD44: ='28jul'!H75 -> 13 | AE44: ='28jul'!I75 -> 2.5 | AG44: =AG8 -> 45536 | AH44: ='01set'!H71 -> 13 | AI44: ='01set'!I71 -> 2 | AK44: =AK8 -> 45931 | AL44: ='29set'!H73 -> 0 | AM44: ='29set'!I73 -> 0 | AO44: =AO8 -> 45962 | AP44: ='27out'!H76 -> 0 | AQ44: ='27out'!I76 -> 0 | AS44: =AS8 -> 45992 | AT44: ='01dez'!H71 -> 9 | AU44: ='01dez'!I71 -> 1.5
A45: =A44+1 -> 45659 | B45: ='01jan'!H74 -> 0 | C45: ='01jan'!I74 -> 0 | E45: =E44+1 -> 45690 | I45: =I44+1 -> 45718 | M45: =M44+1 -> 45749 | N45: ='31mar'!H73 -> 6 | O45: ='31mar'!I73 -> 1.75 | Q45: =Q44+1 -> 45779 | R45: ='28abr'!H75 -> 15 | S45: ='28abr'!I75 -> 1 | U45: =U44+1 -> 45810 | V45: ='02jun'!H71 -> 9 | W45: ='02jun'!I71 -> 2 | Y45: 45109 | Z45: ='30jun'!H73 -> 4 | AA45: ='30jun'!I73 -> 2 | AC45: =AC44+1 -> 45871 | AD45: ='28jul'!H76 -> 0 | AE45: ='28jul'!I76 -> 0 | AG45: =AG44+1 -> 45537 | AH45: ='01set'!H72 -> 17 | AI45: ='01set'!I72 -> 2 | AK45: =AK44+1 -> 45932 | AL45: ='29set'!H74 -> 10 | AM45: ='29set'!I74 -> 2 | AO45: =AO44+1 -> 45963 | AS45: =AS44+1 -> 45993 | AT45: ='01dez'!H72 -> 11 | AU45: ='01dez'!I72 -> 2
A46: =A45+1 -> 45660 | B46: ='01jan'!H75 -> 0 | C46: ='01jan'!I75 -> 0 | E46: =E45+1 -> 45691 | F46: ='03fev'!H71 -> 6 | G46: ='03fev'!I71 -> 1 | I46: =I45+1 -> 45719 | J46: ='03mar'!H71 -> 0 | K46: ='03mar'!I71 -> 0 | M46: =M45+1 -> 45750 | N46: ='31mar'!H74 -> 4 | O46: ='31mar'!I74 -> 2 | Q46: =Q45+1 -> 45780 | R46: ='28abr'!H76 -> 0 | S46: ='28abr'!I76 -> 0 | U46: =U45+1 -> 45811 | V46: ='02jun'!H72 -> 10 | W46: ='02jun'!I72 -> 1 | Y46: 45110 | Z46: ='30jun'!H74 -> 23 | AA46: ='30jun'!I74 -> 2.5 | AC46: =AC45+1 -> 45872 | AG46: =AG45+1 -> 45538 | AH46: ='01set'!H73 -> 4 | AI46: ='01set'!I73 -> 1 | AK46: =AK45+1 -> 45933 | AL46: ='29set'!H75 -> 9 | AM46: ='29set'!I75 -> 2.25 | AO46: =AO45+1 -> 45964 | AP46: ='03nov'!H71 -> 22 | AQ46: ='03nov'!I71 -> 3 | AS46: =AS45+1 -> 45994 | AT46: ='01dez'!H73 -> 11 | AU46: ='01dez'!I73 -> 1
A47: =A46+1 -> 45661 | B47: ='01jan'!H76 -> 0 | C47: ='01jan'!I76 -> 0 | E47: =E46+1 -> 45692 | F47: ='03fev'!H72 -> 5 | G47: ='03fev'!I72 -> 1 | I47: =I46+1 -> 45720 | J47: ='03mar'!H72 -> 0 | K47: ='03mar'!I72 -> 0 | M47: =M46+1 -> 45751 | N47: ='31mar'!H75 -> 12 | O47: ='31mar'!I75 -> 2 | Q47: =Q46+1 -> 45781 | U47: =U46+1 -> 45812 | V47: ='02jun'!H73 -> 5 | W47: ='02jun'!I73 -> 1 | Y47: 45111 | Z47: ='30jun'!H75 -> 16 | AA47: ='30jun'!I75 -> 2.25 | AC47: =AC46+1 -> 45873 | AD47: ='04ago'!H71 -> 1 | AE47: ='04ago'!I71 -> 0.5 | AG47: =AG46+1 -> 45539 | AH47: ='01set'!H74 -> 0 | AI47: ='01set'!I74 -> 0 | AK47: =AK46+1 -> 45934 | AL47: ='29set'!H76 -> 0 | AM47: ='29set'!I76 -> 0 | AO47: =AO46+1 -> 45965 | AP47: ='03nov'!H72 -> 16 | AQ47: ='03nov'!I72 -> 3 | AS47: =AS46+1 -> 45995 | AT47: ='01dez'!H74 -> 12 | AU47: ='01dez'!I74 -> 1.5
A48: =A47+1 -> 45662 | E48: =E47+1 -> 45693 | F48: ='03fev'!H73 -> 8 | G48: ='03fev'!I73 -> 1 | I48: =I47+1 -> 45721 | J48: ='03mar'!H73 -> 19 | K48: ='03mar'!I73 -> 2 | M48: =M47+1 -> 45752 | N48: ='31mar'!H76 -> 0 | O48: ='31mar'!I76 -> 0 | Q48: =Q47+1 -> 45782 | R48: ='05mai'!H71 -> 7 | S48: ='05mai'!I71 -> 1 | U48: =U47+1 -> 45813 | V48: ='02jun'!H74 -> 2 | W48: ='02jun'!I74 -> 0.5 | Y48: 45112 | Z48: ='30jun'!H76 -> 0 | AA48: ='30jun'!I76 -> 0 | AC48: =AC47+1 -> 45874 | AD48: ='04ago'!H72 -> 16 | AE48: ='04ago'!I72 -> 2 | AG48: =AG47+1 -> 45540 | AH48: ='01set'!H75 -> 12 | AI48: ='01set'!I75 -> 2 | AK48: =AK47+1 -> 45935 | AO48: =AO47+1 -> 45966 | AP48: ='03nov'!H73 -> 23 | AQ48: ='03nov'!I73 -> 2.5 | AS48: =AS47+1 -> 45996 | AT48: ='01dez'!H75 -> 12 | AU48: ='01dez'!I75 -> 2
A49: =A48+1 -> 45663 | B49: ='06jan'!H71 -> 10 | C49: ='06jan'!I71 -> 1 | E49: =E48+1 -> 45694 | F49: ='03fev'!H74 -> 7 | G49: ='03fev'!I74 -> 0.5 | I49: =I48+1 -> 45722 | J49: ='03mar'!H74 -> 9 | K49: ='03mar'!I74 -> 2 | M49: =M48+1 -> 45753 | Q49: =Q48+1 -> 45783 | R49: ='05mai'!H72 -> 2 | S49: ='05mai'!I72 -> 1 | U49: =U48+1 -> 45814 | V49: ='02jun'!H75 -> 20 | W49: ='02jun'!I75 -> 2 | Y49: 45113 | AC49: =AC48+1 -> 45875 | AD49: ='04ago'!H73 -> 16 | AE49: ='04ago'!I73 -> 2.5 | AG49: =AG48+1 -> 45541 | AH49: ='01set'!H76 -> 0 | AI49: ='01set'!I76 -> 0 | AK49: =AK48+1 -> 45936 | AL49: ='06out'!H71 -> 10 | AM49: ='06out'!I71 -> 2 | AO49: =AO48+1 -> 45967 | AP49: ='03nov'!H74 -> 12 | AQ49: ='03nov'!I74 -> 2 | AS49: =AS48+1 -> 45997 | AT49: ='01dez'!H76 -> 0 | AU49: ='01dez'!I76 -> 0
A50: =A49+1 -> 45664 | B50: ='06jan'!H72 -> 10 | C50: ='06jan'!I72 -> 1.5 | E50: =E49+1 -> 45695 | F50: ='03fev'!H75 -> 8 | G50: ='03fev'!I75 -> 1 | I50: =I49+1 -> 45723 | J50: ='03mar'!H75 -> 9 | K50: ='03mar'!I75 -> 2 | M50: =M49+1 -> 45754 | N50: ='7abr'!H71 -> 6 | O50: ='7abr'!I71 -> 1 | Q50: =Q49+1 -> 45784 | R50: ='05mai'!H73 -> 7 | S50: ='05mai'!I73 -> 1 | U50: =U49+1 -> 45815 | V50: ='02jun'!H76 -> 0 | W50: ='02jun'!I76 -> 0 | Y50: 45114 | Z50: ='07jul'!H71 -> 25 | AA50: ='07jul'!I71 -> 3 | AC50: =AC49+1 -> 45876 | AD50: ='04ago'!H74 -> 20 | AE50: ='04ago'!I74 -> 3 | AG50: =AG49+1 -> 45542 | AK50: =AK49+1 -> 45937 | AL50: ='06out'!H72 -> 20 | AM50: ='06out'!I72 -> 2 | AO50: =AO49+1 -> 45968 | AP50: ='03nov'!H75 -> 9 | AQ50: ='03nov'!I75 -> 2 | AS50: =AS49+1 -> 45998
A51: =A50+1 -> 45665 | B51: ='06jan'!H73 -> 8 | C51: ='06jan'!I73 -> 2 | E51: =E50+1 -> 45696 | F51: ='03fev'!H76 -> 0 | G51: ='03fev'!I76 -> 0 | I51: =I50+1 -> 45724 | J51: ='03mar'!H76 -> 0 | K51: ='03mar'!I76 -> 0 | M51: =M50+1 -> 45755 | N51: ='7abr'!H72 -> 1 | O51: ='7abr'!I72 -> 0.5 | Q51: =Q50+1 -> 45785 | R51: ='05mai'!H74 -> 12 | S51: ='05mai'!I74 -> 1 | U51: =U50+1 -> 45816 | Y51: 45115 | Z51: ='07jul'!H72 -> 11 | AA51: ='07jul'!I72 -> 2 | AC51: =AC50+1 -> 45877 | AD51: ='04ago'!H75 -> 9 | AE51: ='04ago'!I75 -> 2 | AG51: =AG50+1 -> 45543 | AH51: ='08set'!H71 -> 7 | AI51: ='08set'!I71 -> 1.5 | AK51: =AK50+1 -> 45938 | AL51: ='06out'!H73 -> 7 | AM51: ='06out'!I73 -> 2 | AO51: =AO50+1 -> 45969 | AP51: ='03nov'!H76 -> 0 | AQ51: ='03nov'!I76 -> 0 | AS51: =AS50+1 -> 45999 | AT51: ='08dez'!H71 -> 13 | AU51: ='08dez'!I71 -> 2
A52: =A51+1 -> 45666 | B52: ='06jan'!H74 -> 12 | C52: ='06jan'!I74 -> 2 | E52: =E51+1 -> 45697 | I52: =I51+1 -> 45725 | M52: =M51+1 -> 45756 | N52: ='7abr'!H73 -> 3 | O52: ='7abr'!I73 -> 1 | Q52: =Q51+1 -> 45786 | R52: ='05mai'!H75 -> 2 | S52: ='05mai'!I75 -> 1 | U52: =U51+1 -> 45817 | V52: ='09jun'!H71 -> 6 | W52: ='09jun'!I71 -> 1 | Y52: 45116 | Z52: ='07jul'!H73 -> 0 | AA52: ='07jul'!I73 -> 0 | AC52: =AC51+1 -> 45878 | AD52: ='04ago'!H76 -> 0 | AE52: ='04ago'!I76 -> 0 | AG52: =AG51+1 -> 45544 | AH52: ='08set'!H72 -> 7 | AI52: ='08set'!I72 -> 0.5 | AK52: =AK51+1 -> 45939 | AL52: ='06out'!H74 -> 12 | AM52: ='06out'!I74 -> 2 | AO52: =AO51+1 -> 45970 | AS52: =AS51+1 -> 46000 | AT52: ='08dez'!H72 -> 21 | AU52: ='08dez'!I72 -> 2
A53: =A52+1 -> 45667 | B53: ='06jan'!H75 -> 16 | C53: ='06jan'!I75 -> 2 | E53: =E52+1 -> 45698 | F53: ='10fev'!D71 -> 3 | G53: ='10fev'!E71 -> 1 | I53: =I52+1 -> 45726 | J53: ='10mar'!H71 -> 14 | K53: ='10mar'!I71 -> 2 | M53: =M52+1 -> 45757 | N53: ='7abr'!H74 -> 11 | O53: ='7abr'!I74 -> 1.5 | Q53: =Q52+1 -> 45787 | R53: ='05mai'!H76 -> 0 | S53: ='05mai'!I76 -> 0 | U53: =U52+1 -> 45818 | V53: ='09jun'!H72 -> 13 | W53: ='09jun'!I72 -> 2 | Y53: 45117 | Z53: ='07jul'!H74 -> 11 | AA53: ='07jul'!I74 -> 2 | AC53: =AC52+1 -> 45879 | AG53: =AG52+1 -> 45545 | AH53: ='08set'!H73 -> 10 | AI53: ='08set'!I73 -> 1 | AK53: =AK52+1 -> 45940 | AL53: ='06out'!H75 -> 8 | AM53: ='06out'!I75 -> 1.5 | AO53: =AO52+1 -> 45971 | AP53: ='10nov'!H71 -> 14 | AQ53: ='10nov'!I71 -> 1.5 | AS53: =AS52+1 -> 46001 | AT53: ='08dez'!H73 -> 10 | AU53: ='08dez'!I73 -> 2
A54: =A53+1 -> 45668 | B54: ='06jan'!H76 -> 0 | C54: ='06jan'!I76 -> 0 | E54: =E53+1 -> 45699 | F54: ='10fev'!D72 -> 10 | G54: ='10fev'!E72 -> 2 | I54: =I53+1 -> 45727 | J54: ='10mar'!H72 -> 10 | K54: ='10mar'!I72 -> 2 | M54: =M53+1 -> 45758 | N54: ='7abr'!H75 -> 11 | O54: ='7abr'!I75 -> 1 | Q54: =Q53+1 -> 45788 | U54: =U53+1 -> 45819 | V54: ='09jun'!H73 -> 8 | W54: ='09jun'!I73 -> 1 | Y54: 45118 | Z54: ='07jul'!H75 -> 12 | AA54: ='07jul'!I75 -> 3 | AC54: =AC53+1 -> 45880 | AD54: ='11ago'!H71 -> 6 | AE54: ='11ago'!I71 -> 2 | AG54: =AG53+1 -> 45546 | AH54: ='08set'!H74 -> 7 | AI54: ='08set'!I74 -> 1 | AK54: =AK53+1 -> 45941 | AL54: ='06out'!H76 -> 0 | AM54: ='06out'!I76 -> 0 | AO54: =AO53+1 -> 45972 | AP54: ='10nov'!H72 -> 1 | AQ54: ='10nov'!I72 -> 0.5 | AS54: =AS53+1 -> 46002 | AT54: ='08dez'!H74 -> 25 | AU54: ='08dez'!I74 -> 3
A55: =A54+1 -> 45669 | E55: =E54+1 -> 45700 | F55: ='10fev'!D73 -> 18 | G55: ='10fev'!E73 -> 2 | I55: =I54+1 -> 45728 | J55: ='10mar'!H73 -> 6 | K55: ='10mar'!I73 -> 1 | M55: =M54+1 -> 45759 | N55: ='7abr'!H76 -> 0 | O55: ='7abr'!I76 -> 0 | Q55: =Q54+1 -> 45789 | R55: ='12mai'!H71 -> 19 | S55: ='12mai'!I71 -> 1.75 | U55: =U54+1 -> 45820 | V55: ='09jun'!H74 -> 6 | W55: ='09jun'!I74 -> 0.5 | Y55: 45119 | Z55: ='07jul'!H76 -> 0 | AA55: ='07jul'!I76 -> 0 | AC55: =AC54+1 -> 45881 | AD55: ='11ago'!H72 -> 25 | AE55: ='11ago'!I72 -> 2 | AG55: =AG54+1 -> 45547 | AH55: ='08set'!H75 -> 12 | AI55: ='08set'!I75 -> 1.75 | AK55: =AK54+1 -> 45942 | AO55: =AO54+1 -> 45973 | AP55: ='10nov'!H73 -> 6 | AQ55: ='10nov'!I73 -> 1.125 | AS55: =AS54+1 -> 46003 | AT55: ='08dez'!H75 -> 22 | AU55: ='08dez'!I75 -> 3
A56: =A55+1 -> 45670 | B56: ='13jan'!H71 -> 10 | C56: ='13jan'!I71 -> 1.75 | E56: =E55+1 -> 45701 | F56: ='10fev'!D74 -> 1 | G56: ='10fev'!E74 -> 1 | I56: =I55+1 -> 45729 | J56: ='10mar'!H74 -> 9 | K56: ='10mar'!I74 -> 1.5 | M56: =M55+1 -> 45760 | Q56: =Q55+1 -> 45790 | R56: ='12mai'!H72 -> 14 | S56: ='12mai'!I72 -> 1.5 | U56: =U55+1 -> 45821 | V56: ='09jun'!H75 -> 7 | W56: ='09jun'!I75 -> 1.5 | Y56: 45120 | AC56: =AC55+1 -> 45882 | AD56: ='11ago'!H73 -> 18 | AE56: ='11ago'!I73 -> 2 | AG56: =AG55+1 -> 45548 | AH56: ='08set'!H76 -> 0 | AI56: ='08set'!I76 -> 0 | AK56: =AK55+1 -> 45943 | AL56: ='13out'!H71 -> 14 | AM56: ='13out'!I71 -> 2 | AO56: =AO55+1 -> 45974 | AP56: ='10nov'!H74 -> 13 | AQ56: ='10nov'!I74 -> 1 | AS56: =AS55+1 -> 46004 | AT56: ='08dez'!H76 -> 6 | AU56: ='08dez'!I76 -> 3
A57: =A56+1 -> 45671 | B57: ='13jan'!H72 -> 9 | C57: ='13jan'!I72 -> 2 | E57: =E56+1 -> 45702 | F57: ='10fev'!D75 -> 2 | G57: ='10fev'!E75 -> 2 | I57: =I56+1 -> 45730 | J57: ='10mar'!H75 -> 15 | K57: ='10mar'!I75 -> 3 | M57: =M56+1 -> 45761 | N57: ='14abr'!H71 -> 17 | O57: ='14abr'!I71 -> 2 | Q57: =Q56+1 -> 45791 | R57: ='12mai'!H73 -> 8 | S57: ='12mai'!I73 -> 1 | U57: =U56+1 -> 45822 | V57: ='09jun'!H76 -> 0 | W57: ='09jun'!I76 -> 0 | Y57: 45121 | Z57: ='14jul'!H71 -> 14 | AA57: ='14jul'!I71 -> 2 | AC57: =AC56+1 -> 45883 | AD57: ='11ago'!H74 -> 11 | AE57: ='11ago'!I74 -> 2 | AG57: =AG56+1 -> 45549 | AK57: =AK56+1 -> 45944 | AL57: ='13out'!H72 -> 1 | AM57: ='13out'!I72 -> 0.5 | AO57: =AO56+1 -> 45975 | AP57: ='10nov'!H75 -> 11 | AQ57: ='10nov'!I75 -> 2 | AS57: =AS56+1 -> 46005
A58: =A57+1 -> 45672 | B58: ='13jan'!H73 -> 14 | C58: ='13jan'!I73 -> 1.5 | E58: =E57+1 -> 45703 | F58: ='10fev'!D76 -> 0 | G58: ='10fev'!E76 -> 0 | I58: =I57+1 -> 45731 | J58: ='10mar'!H76 -> 0 | K58: ='10mar'!I76 -> 0 | M58: =M57+1 -> 45762 | N58: ='14abr'!H72 -> 10 | O58: ='14abr'!I72 -> 2 | Q58: =Q57+1 -> 45792 | R58: ='12mai'!H74 -> 6 | S58: ='12mai'!I74 -> 1 | U58: =U57+1 -> 45823 | Y58: 45122 | Z58: ='14jul'!H72 -> 24 | AA58: ='14jul'!I72 -> 2.5 | AC58: =AC57+1 -> 45884 | AD58: ='11ago'!H75 -> 11 | AE58: ='11ago'!I75 -> 2 | AG58: =AG57+1 -> 45550 | AH58: ='15set'!H71 -> 8 | AI58: ='15set'!I71 -> 2 | AK58: =AK57+1 -> 45945 | AL58: ='13out'!H73 -> 13 | AM58: ='13out'!I73 -> 2 | AO58: =AO57+1 -> 45976 | AP58: ='10nov'!H76 -> 0 | AQ58: ='10nov'!I76 -> 0 | AS58: =AS57+1 -> 46006 | AT58: ='15dez'!H71 -> 37 | AU58: ='15dez'!I71 -> 3
A59: =A58+1 -> 45673 | B59: ='13jan'!H74 -> 5 | C59: ='13jan'!I74 -> 2 | E59: =E58+1 -> 45704 | I59: =I58+1 -> 45732 | M59: =M58+1 -> 45763 | N59: ='14abr'!H73 -> 9 | O59: ='14abr'!I73 -> 1.5 | Q59: =Q58+1 -> 45793 | R59: ='12mai'!H75 -> 12 | S59: ='12mai'!I75 -> 1.5 | U59: =U58+1 -> 45824 | V59: ='16jun'!H71 -> 10 | W59: ='16jun'!I71 -> 1 | Y59: 45123 | Z59: ='14jul'!H73 -> 10 | AA59: ='14jul'!I73 -> 2 | AC59: =AC58+1 -> 45885 | AD59: ='11ago'!H76 -> 0 | AE59: ='11ago'!I76 -> 0 | AG59: =AG58+1 -> 45551 | AH59: ='15set'!H72 -> 9 | AI59: ='15set'!I72 -> 2 | AK59: =AK58+1 -> 45946 | AL59: ='13out'!H74 -> 10 | AM59: ='13out'!I74 -> 2.25 | AO59: =AO58+1 -> 45977 | AS59: =AS58+1 -> 46007 | AT59: ='15dez'!H72 -> 6 | AU59: ='15dez'!I72 -> 2
A60: =A59+1 -> 45674 | B60: ='13jan'!H75 -> 15 | C60: ='13jan'!I75 -> 2 | E60: =E59+1 -> 45705 | F60: ='17fev'!H71 -> 13 | G60: ='17fev'!I71 -> 2 | I60: =I59+1 -> 45733 | J60: ='17mar'!H71 -> 5 | K60: ='17mar'!I71 -> 2 | M60: =M59+1 -> 45764 | N60: ='14abr'!H74 -> 2 | O60: ='14abr'!I74 -> 0.5 | Q60: =Q59+1 -> 45794 | R60: ='12mai'!H76 -> 0 | S60: ='12mai'!I76 -> 0 | U60: =U59+1 -> 45825 | V60: ='16jun'!H72 -> 5 | W60: ='16jun'!I72 -> 1 | Y60: 45124 | Z60: ='14jul'!H74 -> 12 | AA60: ='14jul'!I74 -> 2 | AC60: =AC59+1 -> 45886 | AG60: =AG59+1 -> 45552 | AH60: ='15set'!H73 -> 16 | AI60: ='15set'!I73 -> 2 | AK60: =AK59+1 -> 45947 | AL60: ='13out'!H75 -> 13 | AM60: ='13out'!I75 -> 2 | AO60: =AO59+1 -> 45978 | AP60: ='17nov'!H71 -> 17 | AQ60: ='17nov'!I71 -> 2 | AS60: =AS59+1 -> 46008 | AT60: ='15dez'!H73 -> 9 | AU60: ='15dez'!I73 -> 2
A61: =A60+1 -> 45675 | B61: ='13jan'!H76 -> 0 | C61: ='13jan'!I76 -> 0 | E61: =E60+1 -> 45706 | F61: ='17fev'!H72 -> 12 | G61: ='17fev'!I72 -> 2 | I61: =I60+1 -> 45734 | J61: ='17mar'!H72 -> 8 | K61: ='17mar'!I72 -> 1 | M61: =M60+1 -> 45765 | N61: ='14abr'!H75 -> 0 | O61: ='14abr'!I75 -> 0 | Q61: =Q60+1 -> 45795 | U61: =U60+1 -> 45826 | V61: ='16jun'!H73 -> 14 | W61: ='16jun'!I73 -> 2 | Y61: 45125 | Z61: ='14jul'!H75 -> 10 | AA61: ='14jul'!I75 -> 2 | AC61: =AC60+1 -> 45887 | AD61: ='18ago'!H71 -> 11 | AE61: ='18ago'!I71 -> 2 | AG61: =AG60+1 -> 45553 | AH61: ='15set'!H74 -> 14 | AI61: ='15set'!I74 -> 1.5 | AK61: =AK60+1 -> 45948 | AL61: ='13out'!H76 -> 0 | AM61: ='13out'!I76 -> 0 | AO61: =AO60+1 -> 45979 | AP61: ='17nov'!H72 -> 4 | AQ61: ='17nov'!I72 -> 1 | AS61: =AS60+1 -> 46009 | AT61: ='15dez'!H74 -> 14 | AU61: ='15dez'!I74 -> 2.5
A62: =A61+1 -> 45676 | E62: =E61+1 -> 45707 | F62: ='17fev'!H73 -> 5 | G62: ='17fev'!I73 -> 1.5 | I62: =I61+1 -> 45735 | J62: ='17mar'!H73 -> 9 | K62: ='17mar'!I73 -> 1 | M62: =M61+1 -> 45766 | N62: ='14abr'!H76 -> 0 | O62: ='14abr'!I76 -> 0 | Q62: =Q61+1 -> 45796 | R62: ='19mai'!H71 -> 21 | S62: ='19mai'!I71 -> 1.5 | U62: =U61+1 -> 45827 | V62: ='16jun'!H74 -> 0 | W62: ='16jun'!I74 -> 0 | Y62: 45126 | Z62: ='14jul'!H76 -> 0 | AA62: ='14jul'!I76 -> 0 | AC62: =AC61+1 -> 45888 | AD62: ='18ago'!H72 -> 13 | AE62: ='18ago'!I72 -> 2 | AG62: =AG61+1 -> 45554 | AH62: ='15set'!H75 -> 14 | AI62: ='15set'!I75 -> 2 | AK62: =AK61+1 -> 45949 | AO62: =AO61+1 -> 45980 | AP62: ='17nov'!H73 -> 16 | AQ62: ='17nov'!I73 -> 1.75 | AS62: =AS61+1 -> 46010 | AT62: ='15dez'!H75 -> 0 | AU62: ='15dez'!I75 -> 0
A63: =A62+1 -> 45677 | B63: ='20jan'!H71 -> 9 | C63: ='20jan'!I71 -> 1 | E63: =E62+1 -> 45708 | F63: ='17fev'!H74 -> 3 | G63: ='17fev'!I74 -> 1 | I63: =I62+1 -> 45736 | J63: ='17mar'!H74 -> 9 | K63: ='17mar'!I74 -> 2 | M63: =M62+1 -> 45767 | Q63: =Q62+1 -> 45797 | R63: ='19mai'!H72 -> 3 | S63: ='19mai'!I72 -> 1 | U63: =U62+1 -> 45828 | V63: ='16jun'!H75 -> 23 | W63: ='16jun'!I75 -> 3 | Y63: 45127 | AC63: =AC62+1 -> 45889 | AD63: ='18ago'!H73 -> 5 | AE63: ='18ago'!I73 -> 1.5 | AG63: =AG62+1 -> 45555 | AH63: ='15set'!H76 -> 0 | AI63: ='15set'!I76 -> 0 | AK63: =AK62+1 -> 45950 | AL63: ='20out'!H71 -> 7 | AM63: ='20out'!I71 -> 1 | AO63: =AO62+1 -> 45981 | AP63: ='17nov'!H74 -> 6 | AQ63: ='17nov'!I74 -> 1 | AS63: =AS62+1 -> 46011 | AT63: ='15dez'!H76 -> 0 | AU63: ='15dez'!I76 -> 0
A64: =A63+1 -> 45678 | B64: ='20jan'!H72 -> 9 | C64: ='20jan'!I72 -> 1.75 | E64: =E63+1 -> 45709 | F64: ='17fev'!H75 -> 13 | G64: ='17fev'!I75 -> 1 | I64: =I63+1 -> 45737 | J64: ='17mar'!H75 -> 8 | K64: ='17mar'!I75 -> 1 | M64: =M63+1 -> 45768 | N64: ='21abr'!H71 -> 0 | O64: ='21abr'!I71 -> 0 | Q64: =Q63+1 -> 45798 | R64: ='19mai'!H73 -> 5 | S64: ='19mai'!I73 -> 1 | U64: =U63+1 -> 45829 | V64: ='16jun'!H76 -> 0 | W64: ='16jun'!I76 -> 0 | Y64: 45128 | Z64: ='21jul'!H71 -> 9 | AA64: ='21jul'!I71 -> 2 | AC64: =AC63+1 -> 45890 | AD64: ='18ago'!H74 -> 5 | AE64: ='18ago'!I74 -> 1 | AG64: =AG63+1 -> 45556 | AK64: =AK63+1 -> 45951 | AL64: ='20out'!H72 -> 10 | AM64: ='20out'!I72 -> 1 | AO64: =AO63+1 -> 45982 | AP64: ='17nov'!H75 -> 1 | AQ64: ='17nov'!I75 -> 1 | AS64: =AS63+1 -> 46012
A65: =A64+1 -> 45679 | B65: ='20jan'!H73 -> 5 | C65: ='20jan'!I73 -> 1.5 | E65: =E64+1 -> 45710 | F65: ='17fev'!H76 -> 0 | G65: ='17fev'!I76 -> 0 | I65: =I64+1 -> 45738 | J65: ='17mar'!H76 -> 0 | K65: ='17mar'!I76 -> 0 | M65: =M64+1 -> 45769 | N65: ='21abr'!H72 -> 14 | O65: ='21abr'!I72 -> 1 | Q65: =Q64+1 -> 45799 | R65: ='19mai'!H74 -> 9 | S65: ='19mai'!I74 -> 1 | U65: =U64+1 -> 45830 | Y65: 45129 | Z65: ='21jul'!H72 -> 10 | AA65: ='21jul'!I72 -> 2 | AC65: =AC64+1 -> 45891 | AD65: ='18ago'!H75 -> 18 | AE65: ='18ago'!I75 -> 2 | AG65: =AG64+1 -> 45557 | AH65: ='22set'!H71 -> 23 | AI65: ='22set'!I71 -> 2.75 | AK65: =AK64+1 -> 45952 | AL65: ='20out'!H73 -> 6 | AM65: ='20out'!I73 -> 1.5 | AO65: =AO64+1 -> 45983 | AP65: ='17nov'!H76 -> 0 | AQ65: ='17nov'!I76 -> 0 | AS65: =AS64+1 -> 46013 | AT65: ='22dez'!H71 -> 11 | AU65: ='22dez'!I71 -> 2
